Time,nH2_g,nCO2_g,nCH4_g,nH2S_g,H2_aq,CO2_aq,SO4,FeS,X,Acetate,HCO3,S_tot,Lag,Fe_pool,H2S_aq,HS_aq,r_meth,r_sulf,r_precip,r_aceto
0,9.074,2.464,0,0.001,1.2368465,14.640032,5.7,0.01,0.01,0,0,1,0,0.1,0.69123615,0.30876385,0.0022080194,0.0030377808,0,0.014929882
0.038076152,9.0739754,2.4639885,1.3816263e-06,0.0098925521,1.235178,14.639483,5.71257,0.01,0.010373205,0.00061055288,0,0.40728749,0.030270987,0.1,0.28014196,0.12714553,0.0025871663,0.0034543786,0,0.016960546
0.076152305,9.0739281,2.4639697,2.9302999e-06,0.011530181,1.2346737,14.639288,5.7251216,0.01,0.010786109,0.0012851907,0,0.29824966,0.05966325,0.1,0.20411927,0.094130395,0.0028272886,0.0037609456,0,0.018448165
0.11422846,9.0738724,2.4639487,4.6079106e-06,0.011824532,1.2344188,14.639115,5.7376565,0.01,0.011232991,0.0020151137,0,0.27877516,0.08823637,0.1,0.18982842,0.088946741,0.0030476097,0.0040609462,0,0.019900976
0.15230461,9.0738115,2.463926,6.4133903e-06,0.011868571,1.2342079,14.638933,5.7501745,0.01,0.011714679,0.0028017967,0,0.27599986,0.11604361,0.1,0.18698,0.089019861,0.0032771087,0.0043787516,0,0.021438329
0.19038076,9.0737458,2.4639016,8.3544193e-06,0.011865624,1.2339942,14.638737,5.7626746,0.01,0.012233573,0.0036491777,0,0.27636947,0.14313231,0.1,0.18626506,0.090104416,0.003522875,0.0047209731,0,0.023092326
0.22845691,9.0736748,2.4638753,1.0441113e-05,0.011853758,1.2337665,14.638525,5.775156,0.01,0.012792576,0.0045619988,0,0.27734723,0.16954433,0.1,0.18594989,0.091397339,0.0037875129,0.0050906901,0,0.024877706
0.26653307,9.0735985,2.463847,1.2684769e-05,0.011840151,1.2335213,14.638298,5.7876175,0.01,0.013394891,0.0055454905,0,0.27845574,0.19531639,0.1,0.18570973,0.092746008,0.004072805,0.0054904065,0,0.026806349
0.30460922,9.0735162,2.4638164,1.5097673e-05,0.01182617,1.2332565,14.638053,5.800058,0.01,0.014044003,0.0066053347,0,0.27960498,0.22048054,0.1,0.1854835,0.094121485,0.0043804666,0.0059226643,0,0.028890282
0.34268537,9.0734275,2.4637835,1.7693111e-05,0.011812085,1.2329705,14.637788,5.8124761,0.01,0.014743683,0.0077476856,0,0.28077826,0.24506446,0.1,0.18525975,0.095518504,0.0047123075,0.0063901813,0,0.03114235
0.38076152,9.0733319,2.4637481,2.0485442e-05,0.011797958,1.2326614,14.637503,5.8248705,0.01,0.015498014,0.0089792059,0,0.28197288,0.26909193,0.1,0.1850365,0.096936376,0.0050702736,0.0068958935,0,0.033576415
0.41883768,9.0732288,2.4637099,2.3490179e-05,0.011783811,1.2323275,14.637195,5.8372397,0.01,0.016311416,0.010307107,0,0.28318888,0.29258317,0.1,0.18481356,0.098375315,0.0054564639,0.0074429774,0,0.036207469
0.45691383,9.0731177,2.4636686,2.672408e-05,0.011769659,1.2319665,14.636863,5.849582,0.01,0.017188672,0.011739193,0,0.28442684,0.31555516,0.1,0.1845911,0.099835733,0.005873144,0.0080348713,0,0.039051722
0.49498998,9.0729979,2.4636242,3.0205249e-05,0.011755519,1.2315764,14.636504,5.8618957,0.01,0.018134961,0.013283913,0,0.28568751,0.33802206,0.1,0.18436941,0.1013181,0.0063227595,0.0086752957,0,0.042126707
0.53306613,9.0728686,2.4635763,3.3953242e-05,0.011741406,1.2311547,14.636118,5.8741789,0.01,0.019155885,0.014950408,0,0.28697171,0.35999551,0.1,0.18414878,0.10282293,0.0068079494,0.0093682758,0,0.045451377
0.57114228,9.0727292,2.4635245,3.7989178e-05,0.011727338,1.2306988,14.6357,5.8864295,0.01,0.020257507,0.016748569,0,0.28828032,0.38148498,0.1,0.18392956,0.10435075,0.0073315608,0.010118165,0,0.049046222
0.60921844,9.0725787,2.4634687,4.2335868e-05,0.011713337,1.2302059,14.635249,5.8986453,0.01,0.021446385,0.0186891,0,0.28961428,0.40249803,0.1,0.18371212,0.10590216,0.007896665,0.010929673,0,0.052933383
0.64729459,9.0724164,2.4634085,4.7017945e-05,0.011699422,1.2296731,14.634763,5.9108238,0.01,0.022729619,0.020783581,0,0.29097461,0.42304066,0.1,0.18349686,0.10747775,0.0085065742,0.011807889,0,0.057136784
0.68537074,9.0722411,2.4633435,5.2062005e-05,0.011685616,1.2290969,14.634237,5.9229624,0.01,0.024114884,0.023044538,0,0.29236241,0.44311752,0.1,0.18328422,0.10907819,0.0091648597,0.012758314,0,0.061682264
0.72344689,9.072052,2.4632734,5.7496764e-05,0.011671947,1.228474,14.63367,5.9350583,0.01,0.025610485,0.025485522,0,0.29377885,0.46273222,0.1,0.18307466,0.11070419,0.0098753708,0.013786895,0,0.06659773
0.76152305,9.0718477,2.4631976,6.3353219e-05,0.011658439,1.2278005,14.633057,5.9471083,0.01,0.027225403,0.028121186,0,0.2952252,0.48188753,0.1,0.18286871,0.11235649,0.010642256,0.014900054,0,0.07191331
0.7995992,9.0716272,2.4631159,6.966483e-05,0.011645124,1.2270723,14.632395,5.9591092,0.01,0.028969348,0.030967376,0,0.29670283,0.50058559,0.1,0.18266693,0.1140359,0.011469986,0.016104726,0,0.077661521
0.83767535,9.0713892,2.4630276,7.6467706e-05,0.011632034,1.2262849,14.63168,5.9710574,0.01,0.030852822,0.034041225,0,0.29821321,0.5188281,0.1,0.18246991,0.1157433,0.012363375,0.017408399,0,0.08387745
0.8757515,9.071132,2.4629322,8.3800807e-05,0.011619204,1.2254336,14.630908,5.9829489,0.01,0.032887173,0.037361253,0,0.29975792,0.53661651,0.1,0.1822783,0.11747962,0.013327606,0.018819155,0,0.090598943
0.91382766,9.0708543,2.4628292,9.170617e-05,0.011606671,1.2245131,14.630074,5.9947796,0.01,0.035084669,0.040947477,0,0.30133869,0.55395216,0.1,0.18209283,0.11924586,0.014368261,0.020345712,0,0.097866813
0.95190381,9.0705544,2.462718,0.00010022914,0.011594476,1.223518,14.629172,6.0065448,0.01,0.037458567,0.044821528,0,0.30295736,0.5708364,0.1,0.18191424,0.12104312,0.015491345,0.021997474,0,0.10572505
0.98997996,9.0702304,2.4625979,0.00010941862,0.011582665,1.2224422,14.628198,6.0182397,0.01,0.040023187,0.049006776,0,0.30461593,0.58727071,0.1,0.18174337,0.12287257,0.016703321,0.023784578,0,0.11422106
1.0280561,9.0698804,2.4624681,0.00011932733,0.011571285,1.2212793,14.627146,6.0298589,0.01,0.042793999,0.053528466,0,0.30631656,0.60325678,0.1,0.1815811,0.12473546,0.018011135,0.025717946,0,0.12340591
1.0661323,9.0695022,2.4623279,0.00013001212,0.011560388,1.2200223,14.626009,6.0413967,0.01,0.04578771,0.058413859,0,0.30806159,0.61879664,0.1,0.18142841,0.12663318,0.019422258,0.027809346,0,0.13333457
1.1042084,9.0690937,2.4621765,0.00014153431,0.011550192,1.2186636,14.624781,6.0528468,0.01,0.049022363,0.063692402,0,0.30984269,0.63389264,0.1,0.1813938,0.12844889,0.020945975,0.030072561,0,0.14407156
1.1422846,9.0686523,2.4620128,0.0001539647,0.011551026,1.2171904,14.623452,6.0642023,0.01,0.052518303,0.069397238,0,0.31097834,0.64854758,0.1,0.18188895,0.12908939,0.022604081,0.032533157,0,0.15573761
1.1803607,9.0681753,2.4618359,0.00016738026,0.011559176,1.2155935,14.622015,6.0754554,0.01,0.056297637,0.075564379,0,0.3117238,0.66276467,0.1,0.18215479,0.12956901,0.024397102,0.035198365,0,0.1683655
1.2184369,9.0676596,2.4616448,0.00018186057,0.011569807,1.2138653,14.620461,6.0865983,0.01,0.060383632,0.082231771,0,0.3124095,0.67654761,0.1,0.18238486,0.13002463,0.026334317,0.038083553,0,0.18202686
1.256513,9.0671021,2.4614381,0.0001974911,0.011581903,1.2119957,14.618781,6.0976222,0.01,0.064801353,0.089440294,0,0.31311185,0.68990058,0.1,0.18262383,0.13048801,0.028426801,0.041206214,0,0.19680333
1.2945892,9.0664993,2.4612146,0.00021436394,0.011595311,1.2099737,14.616965,6.1085178,0.01,0.069577858,0.097234078,0,0.31385046,0.70282823,0.1,0.1828831,0.13096735,0.030686728,0.044585413,0,0.21278389
1.3326653,9.0658477,2.4609731,0.00023257845,0.011610077,1.2077872,14.615001,6.119275,0.01,0.074742362,0.10566078,0,0.3146324,0.7153357,0.1,0.18316673,0.13146567,0.033127257,0.048241714,0,0.23006454
1.3707415,9.0651432,2.4607119,0.00025224177,0.011626298,1.205423,14.612878,6.1298828,0.01,0.080326407,0.11477183,0,0.31546215,0.72742858,0.1,0.18347724,0.13198491,0.035762547,0.052197246,0,0.24874857
1.4088176,9.0643815,2.4604296,0.00027346942,0.011644091,1.2028671,14.610582,6.1403296,0.01,0.086364035,0.12462277,0,0.31634381,0.73911294,0.1,0.18381694,0.13252687,0.038607809,0.056475784,0,0.26894696
1.4468938,9.0635579,2.4601244,0.00029638595,0.011663583,1.2001043,14.608101,6.1506025,0.01,0.09289197,0.13527349,0,0.31728165,0.75039523,0.1,0.18418823,0.13309342,0.041679376,0.061102851,0,0.29077888
1.4849699,9.0626676,2.4597944,0.00032112554,0.011684913,1.1971184,14.605419,6.160688,0.01,0.099949823,0.1467886,0,0.31828026,0.76128233,0.1,0.18459367,0.13368659,0.044994769,0.06610582,0,0.31437214
1.5230461,9.0617051,2.4594377,0.00034783276,0.011708228,1.1938919,14.60252,6.1705711,0.01,0.10758029,0.15923774,0,0.31934456,0.77178149,0.1,0.18503603,0.13430854,0.04857277,0.071514016,0,0.33986374
1.5611222,9.0606646,2.4590521,0.00037666328,0.011733691,1.1904062,14.599387,6.180236,0.01,0.11582938,0.17269596,0,0.32047987,0.78190026,0.1,0.18551825,0.13496162,0.05243349,0.077358822,0,0.36740032
1.5991984,9.0595399,2.4586354,0.00040778464,0.011761474,1.1866413,14.596001,6.1896656,0.01,0.12474664,0.18724407,0,0.32169191,0.79164655,0.1,0.18604354,0.13564836,0.056598451,0.083673777,0,0.39713871
1.6372745,9.0583241,2.4581849,0.00044137711,0.011791762,1.1825758,14.592343,6.1988412,0.01,0.13438539,0.20296905,0,0.32298682,0.80102849,0.1,0.18661533,0.13637149,0.061090653,0.090494677,0,0.42924638
1.6753507,9.0570102,2.4576981,0.00047763452,0.011824758,1.1781869,14.58839,6.2077431,0.01,0.14480301,0.2199645,0,0.32437124,0.81005446,0.1,0.1872373,0.13713394,0.065934648,0.097859669,0,0.46390193
1.7134269,9.0555902,2.457172,0.00051676519,0.011860675,1.1734503,14.58412,6.21635,0.01,0.15606117,0.238331,0,0.32585229,0.81873305,0.1,0.18791341,0.13793887,0.071156612,0.10580933,0,0.50129552
1.751503,9.0540558,2.4566036,0.00055899287,0.011899746,1.16834,14.579509,6.2246388,0.01,0.16822611,0.25817662,0,0.3274376,0.827073,0.1,0.18864791,0.13878969,0.076784408,0.11438674,0,0.54162929
1.7895792,9.052398,2.4559895,0.00060455772,0.011942219,1.1628286,14.57453,6.2325849,0.01,0.18136893,0.27961735,0,0.32913537,0.83508319,0.1,0.18944533,0.13969004,0.082847648,0.12363753,0,0.58511762
1.8276553,9.0506072,2.4553261,0.00065371733,0.011988361,1.1568869,14.569154,6.2401619,0.01,0.19556588,0.30277759,0,0.3309544,0.84277261,0.1,0.19031056,0.14064384,0.089377741,0.13360995,0,0.63198745
1.8657315,9.0486729,2.4546097,0.00070674773,0.012038456,1.150484,14.563353,6.2473416,0.01,0.21089865,0.32779061,0,0.33290409,0.8501503,0.1,0.19124879,0.1416553,0.096407937,0.14435483,0,0.68247836
1.9038076,9.0465843,2.4538362,0.00076394451,0.012092811,1.1435874,14.557093,6.2540937,0.01,0.22745468,0.35479904,0,0.33499451,0.85722535,0.1,0.19226558,0.14272893,0.10397334,0.15592557,0,0.73684258
1.9418838,9.0443293,2.4530011,0.0008256238,0.012151751,1.1361627,14.55034,6.2603859,0.01,0.2453274,0.38395538,0,0.33723638,0.86400686,0.1,0.19336686,0.14386952,0.11211094,0.1683781,0,0.79534479
1.9799599,9.0418953,2.4520998,0.00089212342,0.012215626,1.1281741,14.543058,6.2661837,0.01,0.26461659,0.41542241,0,0.33964115,0.87050392,0.1,0.19455892,0.14508223,0.12085954,0.18177071,0,0.85826173
2.0180361,9.0392688,2.4511273,0.00096380384,0.012284806,1.1195839,14.535209,6.2714504,0.01,0.2854286,0.44937368,0,0.342221,0.87672558,0.1,0.19584847,0.14637253,0.13025977,0.1961639,0,0.92588152
2.0561122,9.0364355,2.4500783,0.0010410493,0.012359688,1.1103532,14.526752,6.276147,0.01,0.30787661,0.48599389,0,0.34498886,0.88268082,0.1,0.19724262,0.14774625,0.14035395,0.21162013,0,0.99850263
2.0941884,9.03338,2.4489472,0.0011242684,0.01244069,1.1004414,14.517643,6.2802319,0.01,0.33208086,0.52547933,0,0.34795844,0.88837857,0.1,0.19874887,0.14920957,0.15118595,0.22820343,0,1.0764325
2.1322645,9.030086,2.4477279,0.0012138957,0.012528258,1.089807,14.507837,6.2836614,0.01,0.35816886,0.56803808,0,0.35114421,0.89382762,0.1,0.20037516,0.15076905,0.16280103,0.245979,0,1.1599858
2.1703407,9.0265365,2.4464141,0.0013103915,0.012622862,1.0784073,14.497286,6.2863889,0.01,0.38627549,0.61389034,0,0.35456145,0.89903667,0.1,0.20212983,0.15243162,0.17524557,0.26501256,0,1.2494817
2.2084168,9.0227131,2.4449991,0.0014142429,0.012724999,1.0661994,14.485941,6.2883658,0.01,0.41654306,0.66326849,0,0.35822621,0.90401428,0.1,0.20402165,0.15420456,0.18856669,0.28536968,0,1.3452411
2.246493,9.0185966,2.4434758,0.0015259642,0.012835192,1.0531399,14.473749,6.2895407,0.01,0.44912136,0.71641709,0,0.36215529,0.90876887,0.1,0.20605977,0.15609553,0.20281185,0.30711484,0,1.4475825
2.2845691,9.014167,2.4418368,0.0016460967,0.012953987,1.0391859,14.460656,6.2898598,0.01,0.48416751,0.77359274,0,0.36636625,0.9133087,0.1,0.20825371,0.15811254,0.21802828,0.33031037,0,1.5568177
2.3226453,9.0094031,2.4400743,0.0017752083,0.013081958,1.0242957,14.446606,6.2892673,0.01,0.52184571,0.83506365,0,0.37087728,0.91764187,0.1,0.21061335,0.16026393,0.23426227,0.35501509,0,1.6732455
2.3607214,9.0042829,2.4381802,0.0019138931,0.013219699,1.0084292,14.431543,6.287705,0.01,0.56232689,0.90110908,0,0.37570721,0.92177628,0.1,0.21314887,0.16255833,0.25155838,0.38128276,0,1.7971452
2.3987976,8.9987834,2.4361461,0.0020627697,0.013367827,0.99154917,14.415406,6.2851128,0.01,0.60578815,0.97201844,0,0.38087536,0.92571968,0.1,0.2158707,0.16500466,0.26995838,0.40916026,0,1.9287683
2.4368737,8.9928811,2.4339632,0.0022224797,0.013526976,0.97362232,14.398139,6.2814292,0.01,0.65241196,1.04809,0,0.38640147,0.9294796,0.1,0.21878944,0.16761203,0.28950006,0.43868539,0,2.0683288
2.4749499,8.9865514,2.4316227,0.0023936847,0.013697797,0.95462052,14.37968,6.2765914,0.01,0.70238523,1.1296293,0,0.39230548,0.93306339,0.1,0.22191578,0.17038969,0.31021582,0.46988448,0,2.2159923
2.5130261,8.9797695,2.4291154,0.0025770629,0.01388095,0.93452235,14.359973,6.2705359,0.01,0.75589791,1.2169471,0,0.39860738,0.93647821,0.1,0.2252604,0.17334698,0.33213102,0.5027696,0,2.3718631
2.5511022,8.9725103,2.4264321,0.0027733044,0.0140771,0.91331479,14.33896,6.263199,0.01,0.81314152,1.3103567,0,0.405327,0.939731,0.1,0.22883381,0.17649319,0.35526208,0.53733543,0,2.5359704
2.5891784,8.9647484,2.4235635,0.0029831059,0.014286911,0.89099515,14.316586,6.2545176,0.01,0.8743071,1.4101709,0,0.41248368,0.9428285,0.1,0.23264624,0.17983744,0.37961442,0.57355598,0,2.7082524
2.6272545,8.9564587,2.4205004,0.0032071632,0.014511035,0.86757316,14.292801,6.2444303,0.01,0.93958292,1.516698,0,0.42009601,0.94577726,0.1,0.23670744,0.18338857,0.40518009,0.61138099,0,2.8885395
2.6653307,8.9476164,2.4172338,0.0034461634,0.014750107,0.84307308,14.26756,6.232878,0.01,1.0091518,1.6302378,0,0.42818144,0.9485836,0.1,0.24102645,0.18715498,0.43193536,0.65073228,0,3.0765369
2.7034068,8.9381977,2.4137551,0.0037007749,0.015004729,0.81753609,14.240821,6.2198051,0.01,1.0831879,1.7510758,0,0.43675586,0.95125365,0.1,0.24561145,0.19114441,0.45983815,0.69150019,0,3.2718072
2.741483,8.9281803,2.4100562,0.0039716361,0.015275462,0.7910224,14.212554,6.205161,0.01,1.1618532,1.8794782,0,0.44583322,0.95379334,0.1,0.25046944,0.19536378,0.48882561,0.73354034,0,3.4737542
2.7795591,8.9175433,2.4061295,0.0042593432,0.015562811,0.76361327,14.182736,6.1889012,0.01,1.2452938,2.0156852,0,0.455425,0.9562084,0.1,0.25560603,0.19981897,0.51881187,0.77667106,0,3.6816091
2.8176353,8.9062683,2.4019686,0.0045644362,0.01586721,0.73541265,14.151356,6.170989,0.01,1.3336354,2.1599043,0,0.46553974,0.95850434,0.1,0.26102515,0.20451459,0.54968634,0.82067179,0,3.8944214
2.8557114,8.8943398,2.3975678,0.0048873847,0.016189004,0.706548,14.118412,6.1513968,0.01,1.4269794,2.312303,0,0.47618262,0.96068649,0.1,0.26672884,0.20945379,0.58131283,0.8652831,0,4.1110561
2.8937876,8.8817456,2.392923,0.0052285734,0.016528441,0.67717029,14.083921,6.1301076,0.01,1.5253984,2.4730026,0,0.48735498,0.96275997,0.1,0.27271695,0.21463803,0.61352978,0.91020867,0,4.3302003
2.9318637,8.8684777,2.3880314,0.0055882876,0.016885649,0.64745265,14.047908,6.1071162,0.01,1.6289324,2.642071,0,0.49905398,0.96472974,0.1,0.27898701,0.22006696,0.64615201,0.95511976,0,4.5503815
2.9699399,8.8545322,2.382892,0.005966701,0.017260628,0.61758754,14.010417,6.0824306,0.01,1.7375853,2.8195175,0,0.51127237,0.96660055,0.1,0.28553411,0.22573826,0.67897424,0.99966258,0,4.7699981
3.008016,8.8399103,2.3775054,0.0063638657,0.017653241,0.5877821,13.971504,6.0560726,0.01,1.8513225,3.0052887,0,0.52399838,0.96837696,0.1,0.2923508,0.23164758,0.71177662,1.0434685,0,4.9873647
3.0460922,8.8246183,2.3718742,0.0067797054,0.018063203,0.5582519,13.931237,6.0280779,0.01,1.9700696,3.1992665,0,0.53721586,0.97006336,0.1,0.29942723,0.23778863,0.74433199,1.0861668,0,5.2007699
3.0841683,8.8086678,2.366003,0.0072140146,0.018490082,0.52921319,13.889696,5.9984962,0.01,2.0937125,3.4012678,0,0.55090449,0.97166397,0.1,0.30675127,0.24415323,0.77641476,1.1273994,0,5.4085434
3.1222445,8.7920752,2.359898,0.0076664611,0.018933304,0.50087419,13.846969,5.9673906,0.01,2.2220994,3.6110482,0,0.56504035,0.97318284,0.1,0.31430881,0.25073154,0.80781048,1.1668364,0,5.6091267
3.1603206,8.7748621,2.3535674,0.0081365961,0.019392164,0.47342627,13.803151,5.9348354,0.01,2.3550441,3.8283069,0,0.57959651,0.97462385,0.1,0.32208415,0.25751236,0.83832517,1.2041895,0,5.8011406
3.1983968,8.757054,2.3470207,0.0086238676,0.019865837,0.44703596,13.758336,5.9009155,0.01,2.4923308,4.052695,0,0.59454387,0.97599071,0.1,0.33006042,0.26448345,0.86779342,1.2392247,0,5.9834414
3.2364729,8.7386803,2.3402688,0.0091276387,0.020353405,0.42183867,13.71262,5.865723,0.01,2.6337204,4.2838253,0,0.60985193,0.97728699,0.1,0.33822006,0.27163187,0.89608424,1.2717686,0,6.1551587
3.2745491,8.719773,2.3333234,0.0096472085,0.020853876,0.39793483,13.666095,5.8293556,0.01,2.7789568,4.5212827,0,0.62548969,0.97851611,0.1,0.34654528,0.27894441,0.92310401,1.3017124,0,6.3157122
3.3126253,8.700366,2.3261969,0.010181833,0.021366211,0.37538883,13.618848,5.7919138,0.01,2.9277741,4.7646358,0,0.64142631,0.97968132,0.1,0.35501846,0.28640785,0.94879651,1.329009,0,6.4648057
3.3507014,8.6804942,2.318902,0.010730747,0.021889348,0.35423046,13.570959,5.753499,0.01,3.0799024,5.0134466,0,0.6576318,0.98078574,0.1,0.36362251,0.29400929,0.97314029,1.3536675,0,6.6024027
3.3887776,8.6601927,2.3114514,0.011293181,0.022422226,0.3344586,13.522499,5.7142109,0.01,3.235074,5.2672803,0,0.67407741,0.98183238,0.1,0.3723411,0.30173631,0.99614408,1.3757445,0,6.7286886
3.4268537,8.6394964,2.3038577,0.011868378,0.022963803,0.31604618,13.473535,5.6741466,0.01,3.3930277,5.5257127,0,0.69073604,0.98282407,0.1,0.38115886,0.30957718,1.0178412,1.395334,0,6.844026
3.4649299,8.6184387,2.2961329,0.012455607,0.02351307,0.29894577,13.424125,5.6333987,0.01,3.5535126,5.7883359,0,0.70758234,0.98376355,0.1,0.39006147,0.31752087,1.0382836,1.412557,0,6.948908
3.503006,8.597052,2.2882886,0.013054167,0.024069068,0.28309525,13.37432,5.5920552,0.01,3.7162904,6.0547627,0,0.72459287,0.98465341,0.1,0.39903569,0.32555718,1.0575362,1.4275525,0,7.043916
3.5410822,8.5753667,2.2803357,0.013663401,0.02463089,0.2684228,13.324165,5.5501981,0.01,3.8811375,6.3246291,0,0.74174604,0.98549615,0.1,0.40806937,0.33367667,1.0756719,1.4404693,0,7.1296826
3.5791583,8.5534113,2.2722844,0.014282693,0.025197689,0.25485128,13.273702,5.5079041,0.01,4.0478451,6.5975955,0,0.75902208,0.98629414,0.1,0.41715139,0.34187068,1.0927677,1.4514595,0,7.2068612
3.6172345,8.5312126,2.2641441,0.01491147,0.025768679,0.24230163,13.222965,5.4652436,0.01,4.21622,6.8733474,0,0.77640292,0.98704963,0.1,0.42627164,0.35013128,1.1089011,1.4606739,0,7.2761037
3.6553106,8.5087949,2.2559236,0.015549205,0.026343134,0.23069548,13.171988,5.4222818,0.01,4.386084,7.1515949,0,0.79387211,0.98776478,0.1,0.4354209,0.35845121,1.1241487,1.4682583,0,7.3380438
3.6933868,8.486181,2.247631,0.016195413,0.026920387,0.219957,13.120798,5.379078,0.01,4.5572737,7.4320714,0,0.81141467,0.98844166,0.1,0.44459081,0.36682386,1.1385834,1.4743511,0,7.3932858
3.7314629,8.4633916,2.2392735,0.016849649,0.02749983,0.2100141,13.069421,5.3356867,0.01,4.7296391,7.7145329,0,0.82901697,0.9890822,0.1,0.45377379,0.37524319,1.1522745,1.4790822,0,7.442398
3.7695391,8.4404457,2.2308581,0.017511509,0.028080904,0.20079918,13.017881,5.2921575,0.01,4.9030433,7.9987561,0,0.84666663,0.98968829,0.1,0.46296296,0.38370368,1.1652864,1.4825722,0,7.4859086
3.8076152,8.4173607,2.2223908,0.01818062,0.028663103,0.19224952,12.966199,5.2485355,0.01,5.0773615,8.2845372,0,0.86435237,0.99026169,0.1,0.47215207,0.3922003,1.1776787,1.4849323,0,7.5243054
3.8456914,8.3941524,2.2138773,0.018856645,0.029245965,0.18430734,12.914392,5.2048618,0.01,5.2524796,8.5716901,0,0.88206393,0.9908041,0.1,0.48133546,0.40072847,1.1895061,1.4862644,0,7.5580354
3.8837675,8.3708353,2.2053227,0.019539277,0.029829068,0.17691974,12.86248,5.1611738,0.01,5.4282935,8.8600449,0,0.89979197,0.99131713,0.1,0.49050799,0.40928398,1.2008184,1.4866612,0,7.5875062
3.9218437,8.3474226,2.1967317,0.020228232,0.030412032,0.17003849,12.810477,5.1175054,0.01,5.6047085,9.1494468,0,0.91752797,0.99180229,0.1,0.499665,0.41786297,1.2116609,1.4862074,0,7.613089
3.9599198,8.3239262,2.1881086,0.020923256,0.03099451,0.16361976,12.758398,5.0738875,0.01,5.7816379,9.4397541,0,0.93526417,0.99226106,0.1,0.50880223,0.42646194,1.2220746,1.4849796,0,7.6351205
3.997996,8.3003573,2.1794574,0.021624115,0.031576185,0.15762382,12.706257,5.0303483,0.01,5.9590028,9.7308376,0,0.95299347,0.99269481,0.1,0.51791582,0.43507765,1.2320967,1.4830476,0,7.6539058
4.0360721,8.2767257,2.1707815,0.022330593,0.032156772,0.15201467,12.654066,4.9869133,0.01,6.136731,10.022579,0,0.9707094,0.99310486,0.1,0.52700228,0.44370712,1.2417607,1.4804742,0,7.6697212
4.0741483,8.2530407,2.1620844,0.023042496,0.032736008,0.14675975,12.601836,4.9436057,0.01,6.3147563,10.31487,0,0.98840603,0.99349245,0.1,0.5360584,0.45234763,1.2510967,1.4773167,0,7.6828164
4.1122244,8.2293107,2.1533688,0.023759645,0.033313658,0.14182963,12.549577,4.9004468,0.01,6.4930184,10.607612,0,1.0060779,0.99385879,0.1,0.54508127,0.46099666,1.2601319,1.4736268,0,7.6934177
4.1503006,8.2055433,2.1446377,0.024481873,0.033889505,0.13719767,12.4973,4.8574558,0.01,6.6714619,10.900712,0,1.0237201,0.99420498,0.1,0.55406824,0.46965191,1.2688908,1.4694514,0,7.7017295
4.1883768,8.1817455,2.1358936,0.02520903,0.034463353,0.13283979,12.445013,4.8146503,0.01,6.8500359,11.194089,0,1.0413281,0.9945321,0.1,0.56301689,0.47831122,1.2773954,1.4648332,0,7.7079373
4.2264529,8.1579239,2.1271387,0.025940977,0.035035022,0.12873417,12.392724,4.7720464,0.01,7.0286936,11.487665,0,1.0588977,0.99484118,0.1,0.57192502,0.48697263,1.2856657,1.4598107,0,7.712209
4.2645291,8.1340844,2.1183752,0.026677585,0.03560435,0.12486107,12.340442,4.7296586,0.01,7.2073923,11.781369,0,1.0764249,0.99513317,0.1,0.58079062,0.49563431,1.2937194,1.4544191,0,7.7146969
4.3026052,8.1102324,2.1096051,0.027418735,0.036171187,0.12120257,12.288174,4.6875004,0.01,7.3860923,12.075136,0,1.0939064,0.995409,0.1,0.58961186,0.50429457,1.3015728,1.4486905,0,7.7155394
4.3406814,8.086373,2.1008301,0.028164316,0.036735398,0.11774242,12.235926,4.6455838,0.01,7.5647573,12.368906,0,1.1113389,0.99566952,0.1,0.59838706,0.51295183,1.3092403,1.442654,0,7.7148622
4.3787575,8.0625108,2.092052,0.028914227,0.037296861,0.11446586,12.183704,4.6039201,0.01,7.7433536,12.662623,0,1.1287194,0.99591557,0.1,0.6071147,0.52160465,1.316735,1.4363363,0,7.7127798
4.4168337,8.0386501,2.0832723,0.029668372,0.037855462,0.11135944,12.131515,4.5625192,0.01,7.9218501,12.956235,0,1.1460451,0.99614792,0.1,0.6157934,0.53025168,1.3240688,1.4297616,0,7.7093966
4.4549098,8.0147949,2.0744925,0.030426662,0.038411098,0.10841093,12.079364,4.5213906,0.01,8.1002183,13.249696,0,1.1633135,0.99636732,0.1,0.6244219,0.53889165,1.3312523,1.4229523,0,7.7048077
4.492986,7.9909488,2.0657138,0.031189014,0.038963677,0.10560917,12.027256,4.4805425,0.01,8.2784314,13.54296,0,1.1805225,0.99657446,0.1,0.63299904,0.54752341,1.338295,1.4159288,0,7.6991
4.5310621,7.9671153,2.0569376,0.031955351,0.039513113,0.10294396,11.975195,4.4399827,0.01,8.456465,13.835987,0,1.1976697,0.99677003,0.1,0.64152379,0.55614587,1.3452058,1.4087098,0,7.692353
4.5691383,7.9432974,2.0481649,0.032725598,0.040059329,0.10040598,11.923188,4.3997181,0.01,8.6342961,14.128738,0,1.2147532,0.99695463,0.1,0.64999519,0.56475802,1.3519923,1.4013125,0,7.6846397
4.6072144,7.9194981,2.0393969,0.033499688,0.040602255,0.097986714,11.871236,4.3597552,0.01,8.8119035,14.421179,0,1.2317713,0.99712889,0.1,0.65841239,0.57335892,1.3586616,1.393753,0,7.6760272
4.6452906,7.8957202,2.0306345,0.034277555,0.041141827,0.095678326,11.819345,4.3200996,0.01,8.9892677,14.713275,0,1.2487223,0.99729335,0.1,0.66677463,0.58194769,1.3652203,1.3860458,0,7.6665768
4.6833667,7.871966,2.0218787,0.035059138,0.041677987,0.093473633,11.767519,4.2807566,0.01,9.1663703,15.004996,0,1.2656047,0.99744856,0.1,0.67508119,0.59052353,1.3716739,1.3782044,0,7.6563449
4.7214429,7.8482381,2.0131303,0.035844378,0.042210683,0.091366038,11.71576,4.241731,0.01,9.3431942,15.296314,0,1.2824171,0.99759503,0.1,0.68333145,0.59908566,1.3780276,1.3702415,0,7.6453837
4.759519,7.8245385,2.0043901,0.03663322,0.042739869,0.089349471,11.664072,4.203027,0.01,9.5197237,15.587201,0,1.2991582,0.99773323,0.1,0.69152487,0.60763338,1.3842863,1.3621685,0,7.6337415
4.7975952,7.8008694,1.995659,0.03742561,0.043265501,0.087418325,11.612458,4.1646484,0.01,9.6959439,15.877633,0,1.315827,0.99786363,0.1,0.69966092,0.61616603,1.390454,1.3539963,0,7.6214622
4.8356713,7.7772326,1.9869376,0.038221497,0.043787542,0.085567437,11.560922,4.1265988,0.01,9.8718411,16.167585,0,1.3324222,0.99798665,0.1,0.70773919,0.624683,1.3965346,1.3457348,0,7.6085871
4.8737475,7.7536298,1.9782266,0.039020834,0.044305957,0.083792039,11.509465,4.0888811,0.01,10.047403,16.457037,0,1.348943,0.9981027,0.1,0.71575926,0.63318371,1.4025315,1.3373935,0,7.5951545
4.9118236,7.7300629,1.9695265,0.039823572,0.044820718,0.082087708,11.45809,4.0514982,0.01,10.222616,16.745967,0,1.3653885,0.99821217,0.1,0.72372082,0.64166763,1.4084476,1.3289808,0,7.5811991
4.9498998,7.7065332,1.9608381,0.040629667,0.045331797,0.080450365,11.406801,4.0144524,0.01,10.397471,17.034357,0,1.3817578,0.99831542,0.1,0.73162356,0.65013427,1.4142859,1.320505,0,7.5667541
4.987976,7.6830423,1.9521618,0.041439075,0.045839171,0.078876214,11.355598,3.9777459,0.01,10.571956,17.322187,0,1.3980504,0.99841281,0.1,0.73946723,0.65858317,1.4200487,1.3119736,0,7.5518497
5.0260521,7.6595923,1.9434985,0.042251542,0.046317171,0.077462554,11.304516,3.9413839,0.01,10.746046,17.609422,0,1.4159719,0.99850464,0.1,0.74446158,0.67151035,1.4247081,1.3032135,0,7.5354755
5.0641283,7.6361876,1.9348498,0.04306641,0.046732042,0.076198733,11.253545,3.9053698,0.01,10.919717,17.896035,0,1.4377695,0.99859125,0.1,0.74963321,0.6881363,1.4287164,1.2945042,0,7.5192266
5.1022044,7.6128304,1.9262161,0.043883509,0.047123497,0.074999832,11.202673,3.8697026,0.01,11.092964,18.182025,0,1.4607961,0.99867291,0.1,0.75524479,0.70555134,1.432541,1.2857782,0,7.5027014
5.1402806,7.5895219,1.9175978,0.044702756,0.047503417,0.073852934,11.151903,3.8343828,0.01,11.265779,18.46738,0,1.4842592,0.99874991,0.1,0.76087465,0.72338455,1.4362461,1.2770338,0,7.4858806
5.1783567,7.566263,1.9089952,0.045524091,0.047874733,0.072753001,11.101237,3.7994111,0.01,11.438157,18.752088,0,1.5079626,0.9988225,0.1,0.76641823,0.74154441,1.4398494,1.2682742,0,7.468774
5.2164329,7.5430549,1.9004087,0.046347456,0.048238155,0.071697047,11.050676,3.7647877,0.01,11.610091,19.036141,0,1.5318585,0.99889094,0.1,0.77184911,0.76000943,1.4433567,1.2595038,0,7.4513977
5.254509,7.5198982,1.8918386,0.047172797,0.04859384,0.070682708,11.000221,3.7305128,0.01,11.781575,19.319526,0,1.5559362,0.99895545,0.1,0.77716039,0.77877582,1.4467708,1.2507268,0,7.4337686
5.2925852,7.4967938,1.8832852,0.048000063,0.048941805,0.069707876,10.949875,3.6965864,0.01,11.952603,19.602236,0,1.5801943,0.99901626,0.1,0.78235,0.79784426,1.4500938,1.2419476,0,7.4159026
5.3306613,7.4737425,1.8747489,0.0488292,0.049282034,0.068770608,10.899637,3.6630085,0.01,12.123171,19.884262,0,1.6046337,0.99907358,0.1,0.78741719,0.81721656,1.4533274,1.2331699,0,7.3978151
5.3687375,7.450745,1.8662298,0.049660159,0.049614506,0.06786909,10.84951,3.6297787,0.01,12.293274,20.165594,0,1.6292563,0.99912761,0.1,0.79236151,0.83689479,1.456473,1.2243974,0,7.3795204
5.4068136,7.4278019,1.8577284,0.05049289,0.049939197,0.067001616,10.799495,3.5968966,0.01,12.462906,20.446227,0,1.6540637,0.99917852,0.1,0.79718263,0.85688108,1.4595321,1.2156337,0,7.3610315
5.4448898,7.4049139,1.8492447,0.051327344,0.050256085,0.0661666,10.749592,3.5643616,0.01,12.632066,20.726151,0,1.6790578,0.9992265,0.1,0.80188029,0.87717752,1.4625063,1.206882,0,7.3423618
5.4829659,7.3820816,1.8407791,0.052163473,0.050565152,0.06536253,10.699802,3.5321732,0.01,12.800747,21.005362,0,1.7042404,0.99927171,0.1,0.80645424,0.89778618,1.4653964,1.1981454,0,7.3235219
5.5210421,7.3593055,1.8323318,0.053001228,0.050866378,0.064588006,10.650127,3.5003306,0.01,12.968948,21.283852,0,1.7296134,0.99931432,0.1,0.81090428,0.91870908,1.468204,1.1894268,0,7.3045238
5.5591182,7.3365861,1.8239029,0.053840564,0.05115975,0.063841696,10.600568,3.4688327,0.01,13.136664,21.561617,0,1.7551784,0.99935446,0.1,0.81523022,0.9399482,1.47093,1.1807289,0,7.2853776
5.5971944,7.3139239,1.8154927,0.054681433,0.051445251,0.063122347,10.551125,3.4376788,0.01,13.303893,21.838649,0,1.7809374,0.99939228,0.1,0.81943191,0.96150545,1.4735756,1.1720544,0,7.2660929
5.6352705,7.2913194,1.8071014,0.055523791,0.051722871,0.06242879,10.501799,3.4068676,0.01,13.470631,22.114945,0,1.806892,0.99942791,0.1,0.82350923,0.98338273,1.4761418,1.1634057,0,7.2466796
5.6733467,7.268773,1.7987291,0.056367593,0.051992599,0.061759897,10.452591,3.3763981,0.01,13.636877,22.390499,0,1.8330439,0.99946147,0.1,0.82746206,1.0055819,1.4786295,1.1547851,0,7.2271454
5.7114228,7.246285,1.790376,0.057212792,0.052254425,0.061114629,10.403501,3.3462689,0.01,13.802627,22.665307,0,1.8593949,0.99949309,0.1,0.83129034,1.0281046,1.4810398,1.1461948,0,7.2074994
5.749499,7.2238558,1.7820422,0.058059347,0.052508344,0.060491988,10.354531,3.3164788,0.01,13.96788,22.939365,0,1.8859467,0.99952287,0.1,0.83499402,1.0509527,1.4833734,1.137637,0,7.187749
5.7875752,7.2014859,1.773728,0.058907212,0.052754349,0.059891032,10.305681,3.2870263,0.01,14.132634,23.212669,0,1.9127008,0.99955092,0.1,0.83857306,1.0741278,1.4856312,1.1291134,0,7.1679012
5.8256513,7.1791754,1.7654334,0.059756346,0.052992437,0.059310878,10.256951,3.2579099,0.01,14.296886,23.485216,0,1.9396589,0.99957734,0.1,0.84202748,1.0976314,1.4878141,1.1206262,0,7.1479638
5.8637275,7.1569247,1.7571586,0.060606705,0.053222605,0.058750672,10.208343,3.229128,0.01,14.460636,23.757002,0,1.9668225,0.99960223,0.1,0.8453573,1.1214652,1.4899228,1.1121768,0,7.1279423
5.9018036,7.1347341,1.7489037,0.061458248,0.053444853,0.058209621,10.159856,3.2006792,0.01,14.623881,24.028024,0,1.9941931,0.99962566,0.1,0.84856256,1.1456305,1.491958,1.103767,0,7.1078434
5.9398798,7.1126038,1.7406688,0.062310932,0.053659183,0.057686969,10.111491,3.1725616,0.01,14.78662,24.29828,0,2.0217722,0.99964773,0.1,0.85164333,1.1701289,1.4939206,1.0953985,0,7.0876735
5.9779559,7.0905341,1.732454,0.063164717,0.053865596,0.057181986,10.063249,3.1447736,0.01,14.948852,24.567766,0,2.0495613,0.99966851,0.1,0.85459972,1.1949615,1.4958111,1.0870726,0,7.067437
6.0160321,7.0685247,1.7242593,0.064019718,0.054091399,0.056604649,10.015101,3.1173109,0.01,15.110587,24.836497,0,2.0757439,0.99968808,0.1,0.86225883,1.2134851,1.4988314,1.0789885,0,7.0484271
6.0541082,7.046571,1.716083,0.064877113,0.054480422,0.055822384,9.9670269,3.090167,0.01,15.271864,25.1045,0,2.0907379,0.9997065,0.1,0.87294191,1.2177959,1.5036491,1.0708472,0,7.0286955
6.0921844,7.0246703,1.7079248,0.065737369,0.054941691,0.055013503,9.9190671,3.0633444,0.01,15.432675,25.371744,0,2.1006054,0.99972385,0.1,0.88154402,1.2190614,1.5087777,1.0627107,0,7.0086426
6.1302605,7.0028223,1.6997849,0.066600577,0.055423641,0.054210084,9.871221,3.0368424,0.01,15.593018,25.638222,0,2.1087848,0.99974018,0.1,0.88948254,1.2193023,1.5139649,1.0546019,0,6.9884148
6.1683367,6.9810271,1.6916636,0.067466744,0.055910445,0.053421307,9.823489,3.0106594,0.01,15.752891,25.903927,0,2.1163326,0.99975555,0.1,0.89719445,1.2191381,1.5191332,1.0465291,0,6.9680619
6.2064128,6.9592849,1.6835609,0.068335851,0.056397258,0.052649484,9.7758717,2.984794,0.01,15.912292,26.168854,0,2.1235731,0.99977003,0.1,0.90481381,1.2187593,1.5242583,1.038496,0,6.9476033
6.244489,6.9375959,1.675477,0.069207871,0.056882597,0.051894885,9.7283696,2.9592444,0.01,16.07122,26.433001,0,2.1306068,0.99978365,0.1,0.91238157,1.2182253,1.5293326,1.0305047,0,6.9270491
6.2825651,6.9159604,1.667412,0.070082774,0.057366004,0.05115719,9.6809833,2.934009,0.01,16.229673,26.696364,0,2.1374659,0.99979648,0.1,0.91991009,1.2175558,1.534353,1.0225567,0,6.9064062
6.3206413,6.8943787,1.6593661,0.070960528,0.057847336,0.050435921,9.6337133,2.9090858,0.01,16.38765,26.958939,0,2.1441615,0.99980855,0.1,0.92740304,1.2167585,1.5393182,1.0146535,0,6.8856804
6.3587174,6.8728508,1.6513393,0.071841102,0.058326541,0.04973057,9.5865603,2.8844731,0.01,16.54515,27.220724,0,2.1506989,0.99981991,0.1,0.93486145,1.2158374,1.5442273,1.0067964,0,6.8648772
6.3967936,6.8513771,1.6433317,0.072724464,0.058803599,0.049040638,9.5395248,2.8601689,0.01,16.702171,27.481714,0,2.1570811,0.9998306,0.1,0.94228557,1.2147955,1.5490794,0.99898658,0,6.8440015
6.4348697,6.8299577,1.6353435,0.073610581,0.059278499,0.04836564,9.4926071,2.8361712,0.01,16.858713,27.741909,0,2.1633107,0.99984067,0.1,0.9496754,1.2136353,1.5538737,0.99122522,0,6.8230583
6.4729459,6.8085928,1.6273748,0.074499419,0.059751233,0.047705114,9.4458078,2.8124781,0.01,17.014774,28.001305,0,2.1693902,0.99985014,0.1,0.95703089,1.2123594,1.5586096,0.98351342,0,6.8020524
6.511022,6.7872825,1.6194256,0.075390945,0.060221793,0.047058613,9.3991274,2.7890876,0.01,17.170355,28.2599,0,2.1753219,0.99985905,0.1,0.96435198,1.21097,1.5632862,0.97585221,0,6.7809882
6.5490982,6.7660271,1.6114961,0.076285125,0.060690175,0.046425711,9.3525663,2.7659975,0.01,17.325453,28.517692,0,2.1811082,0.99986744,0.1,0.97163861,1.2094696,1.5679028,0.96824254,0,6.7598699
6.5871743,6.7448266,1.6035863,0.077181925,0.061156372,0.045806004,9.3061248,2.7432058,0.01,17.480069,28.774679,0,2.1867512,0.99987533,0.1,0.97889073,1.2078605,1.5724587,0.96068542,0,6.7387023
6.6252505,6.7236812,1.5956963,0.078081309,0.061620382,0.045199096,9.2598034,2.7207103,0.01,17.634202,29.03086,0,2.1922534,0.99988276,0.1,0.98610829,1.2061451,1.5769532,0.95318164,0,6.7174891
6.6633267,6.702591,1.5878263,0.078983242,0.062082201,0.044604611,9.2136023,2.6985089,0.01,17.787851,29.286231,0,2.197617,0.99988975,0.1,0.99329128,1.2043257,1.5813856,0.94573201,0,6.6962339
6.7014028,6.6815561,1.5799762,0.079887689,0.062541825,0.04402219,9.1675221,2.6765993,0.01,17.941016,29.540793,0,2.2028443,0.99989632,0.1,1.0004397,1.2024046,1.5857551,0.93833737,0,6.6749412
6.739479,6.6605766,1.5721461,0.080794614,0.062999253,0.043451489,9.1215629,2.6549794,0.01,18.093697,29.794543,0,2.2079374,0.99990251,0.1,1.0075534,1.200384,1.5900612,0.93099842,0,6.6536147
6.7775551,6.6396527,1.5643362,0.081703979,0.063454483,0.042892168,9.0757252,2.6336468,0.01,18.245894,30.04748,0,2.2128988,0.99990833,0.1,1.0146326,1.1982662,1.594303,0.92371577,0,6.6322572
6.8156313,6.6187844,1.5565465,0.082615749,0.063907514,0.042343913,9.0300092,2.6125993,0.01,18.397606,30.299604,0,2.2177305,0.9999138,0.1,1.0216771,1.1960534,1.59848,0.91649011,0,6.6108727
6.8537074,6.5979718,1.548777,0.083529886,0.064358346,0.041806417,8.9844151,2.5918346,0.01,18.548833,30.550913,0,2.2224348,0.99991895,0.1,1.0286871,1.1937477,1.6025916,0.90932207,0,6.5894649
6.8917836,6.5772149,1.5410278,0.084446352,0.064806979,0.04127938,8.9389433,2.5713503,0.01,18.699575,30.801407,0,2.2270139,0.9999238,0.1,1.0356625,1.1913514,1.606637,0.90221207,0,6.5680362
6.9298597,6.5565139,1.5332989,0.08536511,0.065253413,0.04076252,8.8935939,2.5511442,0.01,18.849832,31.051084,0,2.23147,0.99992836,0.1,1.0426033,1.1888666,1.6106158,0.89516072,0,6.5465904
6.9679359,6.5358688,1.5255905,0.086286121,0.06569765,0.040255561,8.8483673,2.5312139,0.01,18.999605,31.299945,0,2.2358051,0.99993264,0.1,1.0495097,1.1862954,1.6145273,0.88816843,0,6.5251303
7.006012,6.5152796,1.5179026,0.087209327,0.066136577,0.039772097,8.8032686,2.5115573,0.01,19.148891,31.547986,0,2.2402289,0.99993668,0.1,1.0549339,1.185295,1.6180029,0.88117336,0,6.5032004
7.0440882,6.4947484,1.5102358,0.088133957,0.066463858,0.039424792,8.7583204,2.4921733,0.01,19.297672,31.795197,0,2.2518312,0.99994047,0.1,1.0554798,1.1963514,1.6197226,0.87433177,0,6.4819607
7.0821643,6.4742769,1.5025905,0.089059441,0.066718736,0.039110407,8.7134939,2.473056,0.01,19.445954,32.041605,0,2.2680018,0.99994404,0.1,1.0581091,1.2098928,1.6210551,0.8675849,0,6.4609793
7.1202405,6.4538656,1.4949665,0.089985634,0.06695061,0.038809662,8.668793,2.4542022,0.01,19.593738,32.287216,0,2.2854506,0.99994739,0.1,1.0612642,1.2241864,1.622227,0.8609101,0,6.4400909
7.1583166,6.4335144,1.4873637,0.090912467,0.067173117,0.038517162,8.6242184,2.435609,0.01,19.741025,32.532033,0,2.3032709,0.99995055,0.1,1.064518,1.2387529,1.623301,0.85430133,0,6.4192518
7.1963928,6.4132233,1.4797823,0.09183989,0.067390053,0.038231302,8.5797704,2.417274,0.01,19.887816,32.776058,0,2.3212122,0.99995351,0.1,1.0677532,1.2534591,1.6242945,0.84775694,0,6.398451
7.2344689,6.3929923,1.4722222,0.092767859,0.06760249,0.037951521,8.5354489,2.3991946,0.01,20.034112,33.01929,0,2.3392055,0.9999563,0.1,1.0709375,1.268268,1.6252123,0.84127649,0,6.3776867
7.2725451,6.3728213,1.4646833,0.093696331,0.067810748,0.037677549,8.491254,2.3813683,0.01,20.179915,33.261734,0,2.3572318,0.99995893,0.1,1.0740624,1.2831694,1.626056,0.83485985,0,6.3569592
7.3106212,6.3527103,1.4571658,0.094625264,0.068014935,0.037409201,8.4471856,2.3637925,0.01,20.325224,33.503388,0,2.3752865,0.99996139,0.1,1.0771256,1.2981608,1.6268261,0.82850696,0,6.3362698
7.3486974,6.3326592,1.4496695,0.095554616,0.0682151,0.037146319,8.4032437,2.3464647,0.01,20.470043,33.744256,0,2.3933685,0.99996371,0.1,1.0801271,1.3132415,1.6275229,0.82221775,0,6.3156196
7.3867735,6.3126679,1.4421946,0.096484344,0.068411276,0.036888756,8.3594282,2.3293823,0.01,20.61437,33.984338,0,2.4114783,0.9999659,0.1,1.0830668,1.3284115,1.6281466,0.81599215,0,6.29501
7.4248497,6.2927364,1.4347409,0.097414408,0.068603492,0.036636373,8.315739,2.3125429,0.01,20.758208,34.223636,0,2.4296163,0.99996795,0.1,1.0859453,1.3436709,1.6286974,0.80983007,0,6.2744421
7.4629259,6.2728646,1.4273085,0.098344766,0.068791774,0.036389035,8.2721762,2.2959439,0.01,20.901558,34.462151,0,2.447783,0.99996988,0.1,1.0887629,1.3590202,1.6291755,0.8037314,0,6.2539171
7.501002,6.2530525,1.4198974,0.099275377,0.068976148,0.036146615,8.2287394,2.2795828,0.01,21.044421,34.699886,0,2.4659793,0.99997169,0.1,1.09152,1.3744593,1.6295813,0.797696,0,6.2334362
7.5390782,6.2332998,1.4125076,0.1002062,0.069156641,0.035908985,8.1854288,2.2634572,0.01,21.186798,34.936842,0,2.4842057,0.99997339,0.1,1.094217,1.3899887,1.6299149,0.79172372,0,6.2130003
7.5771543,6.2136066,1.405139,0.10113719,0.06933328,0.035676024,8.1422443,2.2475644,0.01,21.32869,35.173021,0,2.5024629,0.999975,0.1,1.0968543,1.4056086,1.6301765,0.78581434,0,6.1926103
7.6152305,6.1939728,1.3977917,0.10206831,0.06950609,0.035447618,8.0991856,2.2319021,0.01,21.470099,35.408425,0,2.5207515,0.9999765,0.1,1.0994324,1.4213191,1.6303667,0.77996775,0,6.1722677
7.6533066,6.1743983,1.3904655,0.10299952,0.069675097,0.035223656,8.0562527,2.2164677,0.01,21.611025,35.643054,0,2.5390722,0.99997792,0.1,1.1019517,1.4371206,1.6304858,0.77418377,0,6.1519734
7.6913828,6.154883,1.3831607,0.10393078,0.069840327,0.035004025,8.0134456,2.2012588,0.01,21.751471,35.876912,0,2.5574257,0.99997925,0.1,1.1044125,1.4530132,1.6305338,0.7684621,0,6.131728
7.7294589,6.1354267,1.375877,0.10486204,0.070001807,0.034788618,7.970764,2.1862729,0.01,21.891436,36.11,0,2.5758125,0.9999805,0.1,1.1068152,1.4689973,1.6305112,0.76280245,0,6.1115318
7.7675351,6.1160295,1.3686145,0.10579327,0.070159562,0.034577337,7.9282079,2.1715075,0.01,22.030924,36.34232,0,2.5942333,0.99998168,0.1,1.1091603,1.4850731,1.6304185,0.75720467,0,6.0913863
7.8056112,6.0966912,1.3613732,0.10672443,0.070313617,0.034370083,7.8857771,2.1569603,0.01,22.169934,36.573874,0,2.6126888,0.99998279,0.1,1.1114481,1.5012407,1.6302559,0.75166847,0,6.0712924
7.8436874,6.0774117,1.354153,0.10765547,0.070463999,0.03416676,7.8434716,2.1426287,0.01,22.308468,36.804664,0,2.6311796,0.99998383,0.1,1.1136792,1.5175005,1.630024,0.74619359,0,6.0512507
7.8817635,6.0581909,1.346954,0.10858637,0.070610732,0.033967275,7.8012911,2.1285104,0.01,22.446528,37.034691,0,2.6497063,0.99998481,0.1,1.1158537,1.5338526,1.629723,0.74077968,0,6.0312616
7.9198397,6.0390288,1.3397761,0.10951707,0.070753843,0.033771538,7.7592356,2.1146029,0.01,22.584115,37.263959,0,2.6682695,0.99998572,0.1,1.1179722,1.5502973,1.6293535,0.73542645,0,6.0113259
7.9579158,6.0199251,1.3326193,0.11044754,0.070893356,0.033579464,7.7173048,2.1009039,0.01,22.72123,37.492468,0,2.6868699,0.99998659,0.1,1.1200351,1.5668348,1.6289158,0.73013361,0,5.9914444
7.995992,6.0008799,1.3254836,0.11137774,0.071029296,0.033390968,7.6754987,2.087411,0.01,22.857874,37.720222,0,2.7055081,0.9999874,0.1,1.1220427,1.5834654,1.6284105,0.7249008,0,5.9716176
8.0340681,5.9818924,1.3183688,0.11230786,0.071207418,0.033153683,7.6338038,2.0741211,0.01,22.994057,37.947227,0,2.7211368,0.99998816,0.1,1.1279148,1.593222,1.6287316,0.71974164,0,5.9519574
8.0721443,5.9629615,1.3112745,0.11323824,0.071443308,0.032895565,7.5922327,2.0610333,0.01,23.12978,38.173475,0,2.7327176,0.99998888,0.1,1.1327151,1.6000026,1.629252,0.71459757,0,5.9319831
8.1102204,5.9440868,1.3042009,0.11416893,0.071695871,0.032635527,7.5507848,2.0481458,0.01,23.265043,38.398961,0,2.7429921,0.99998955,0.1,1.1369739,1.6060183,1.6297795,0.7095059,0,5.9120053
8.1482966,5.925268,1.297148,0.11509991,0.071952255,0.032377575,7.5094595,2.0354565,0.01,23.399848,38.623688,0,2.7528191,0.99999018,0.1,1.1410472,1.611772,1.6302618,0.70447078,0,5.8920616
8.1863727,5.906505,1.2901158,0.11603114,0.072208539,0.032122868,7.4682567,2.0229631,0.01,23.534195,38.847656,0,2.7624621,0.99999078,0.1,1.1450442,1.6174179,1.6306833,0.69949322,0,5.8721639
8.2244489,5.8877979,1.2831042,0.1169626,0.072463537,0.031871705,7.4271759,2.0106633,0.01,23.668087,39.070867,0,2.7720024,0.99999134,0.1,1.1489986,1.6230037,1.6310392,0.69457329,0,5.8523164
8.2625251,5.8691464,1.2761133,0.11789424,0.0727169,0.031624123,7.3862173,1.9985549,0.01,23.801523,39.293324,0,2.7814654,0.99999186,0.1,1.1529211,1.6285443,1.6313283,0.68971074,0,5.8325209
8.3006012,5.8505505,1.2691429,0.11882603,0.072968536,0.031380083,7.3453804,1.9866355,0.01,23.934506,39.515028,0,2.7908595,0.99999236,0.1,1.156815,1.6340446,1.6315507,0.68490526,0,5.8127782
8.3386774,5.8320101,1.2621931,0.11975792,0.073218431,0.031139523,7.3046654,1.974903,0.01,24.067037,39.735981,0,2.8001878,0.99999282,0.1,1.1606816,1.6395063,1.6317064,0.68015648,0,5.7930892
8.3767535,5.813525,1.2552639,0.12068989,0.073466595,0.030902378,7.2640719,1.9633551,0.01,24.199117,39.956186,0,2.8094518,0.99999326,0.1,1.1645215,1.6449303,1.6317959,0.675464,0,5.7734544
8.4148297,5.7950952,1.2483553,0.12162189,0.073713046,0.030668579,7.2235998,1.9519897,0.01,24.330747,40.175644,0,2.8186524,0.99999367,0.1,1.1683351,1.6503172,1.6318194,0.67082745,0,5.7538745
8.4529058,5.7767205,1.2414672,0.12255388,0.073957802,0.030438062,7.183249,1.9408044,0.01,24.461929,40.394357,0,2.8277904,0.99999405,0.1,1.1721229,1.6556676,1.6317775,0.66624642,0,5.73435
8.490982,5.758401,1.2345995,0.12348583,0.074200884,0.030210762,7.1430193,1.9297972,0.01,24.592663,40.612328,0,2.8368667,0.99999441,0.1,1.175885,1.6609817,1.6316704,0.66172049,0,5.7148814
8.5290581,5.7401364,1.2277524,0.1244177,0.074442312,0.029986617,7.1029105,1.9189658,0.01,24.722953,40.829559,0,2.845882,0.99999475,0.1,1.1796219,1.6662602,1.6314986,0.65724926,0,5.6954692
8.5671343,5.7219266,1.2209256,0.12534945,0.074682105,0.029765566,7.0629225,1.9083081,0.01,24.852797,41.046052,0,2.8548371,0.99999507,0.1,1.1833337,1.6715033,1.6312627,0.65283232,0,5.6761139
8.6052104,5.7037716,1.2141193,0.12628105,0.074920284,0.029547549,7.0230551,1.8978221,0.01,24.982199,41.261809,0,2.8637326,0.99999537,0.1,1.1870209,1.6767116,1.6309629,0.6484692,0,5.6568158
8.6432866,5.6856713,1.2073334,0.12721246,0.075156868,0.029332508,6.9833081,1.8875055,0.01,25.111159,41.476832,0,2.8725693,0.99999565,0.1,1.1906838,1.6818855,1.6305998,0.64415949,0,5.6375754
8.6813627,5.6676255,1.2005679,0.12814365,0.075391877,0.029120389,6.9436814,1.8773562,0.01,25.239679,41.691124,0,2.881348,0.99999592,0.1,1.1943225,1.6870254,1.630174,0.63990277,0,5.6183931
8.7194389,5.6496341,1.1938227,0.12907457,0.075625329,0.028911136,6.9041746,1.8673723,0.01,25.36776,41.904687,0,2.8900693,0.99999617,0.1,1.1979375,1.6921318,1.6296858,0.63569858,0,5.5992693
8.757515,5.631697,1.1870978,0.1300052,0.075857245,0.028704696,6.8647878,1.8575516,0.01,25.495404,42.117522,0,2.898734,0.9999964,0.1,1.2015291,1.6972049,1.6291358,0.63154646,0,5.5802042
8.7955912,5.6138141,1.1803932,0.1309355,0.076087642,0.028501016,6.8255206,1.8478921,0.01,25.622611,42.329633,0,2.9073428,0.99999662,0.1,1.2050974,1.7022454,1.6285246,0.62744597,0,5.5611981
8.8336673,5.5959853,1.1737088,0.13186543,0.076316541,0.028300046,6.7863729,1.8383917,0.01,25.749383,42.541021,0,2.9158964,0.99999682,0.1,1.2086429,1.7072535,1.6278526,0.62339667,0,5.5422515
8.8717435,5.5782104,1.1670447,0.13279496,0.076543959,0.028101737,6.7473445,1.8290486,0.01,25.875722,42.751689,0,2.9243954,0.99999702,0.1,1.2121658,1.7122296,1.6271204,0.61939809,0,5.5233645
8.9098196,5.5604895,1.1604007,0.13372405,0.076769916,0.02790604,6.7084351,1.8198606,0.01,26.001629,42.961639,0,2.9328406,0.9999972,0.1,1.2156663,1.7171743,1.6263285,0.61544975,0,5.5045373
8.9478958,5.5428223,1.153777,0.13465268,0.076994429,0.02771291,6.6696446,1.8108258,0.01,26.127105,43.170873,0,2.9412326,0.99999737,0.1,1.2191448,1.7220878,1.6254776,0.61155122,0,5.4857702
8.9859719,5.5252087,1.1471733,0.1355808,0.077217517,0.027522298,6.6309728,1.8019423,0.01,26.252152,43.379393,0,2.9495722,0.99999753,0.1,1.2226016,1.7269706,1.6245681,0.60770201,0,5.4670635
9.0240481,5.5076482,1.1405896,0.13650857,0.07748435,0.027284903,6.5924065,1.7932075,0.01,26.376776,43.587208,0,2.9548503,0.99999768,0.1,1.2314126,1.7234377,1.6246069,0.60391524,0,5.4485351
9.0621242,5.4901391,1.1340254,0.13743668,0.077879388,0.026994679,6.5539547,1.7846212,0.01,26.500986,43.794303,0,2.9514366,0.99999782,0.1,1.2404854,1.7109512,1.6254236,0.60010275,0,5.42939
9.1002004,5.4726806,1.1274808,0.13836529,0.078319348,0.026697509,6.5156219,1.7761831,0.01,26.624777,44.000668,0,2.9448834,0.99999796,0.1,1.2482277,1.6966558,1.6263524,0.59632273,0,5.4101558
9.1382766,5.4552725,1.120956,0.13929443,0.078771563,0.026401485,6.4774065,1.7678917,0.01,26.748151,44.206299,0,2.9373701,0.99999808,0.1,1.2555361,1.681834,1.6272729,0.59258463,0,5.3909215
9.1763527,5.4379147,1.1144508,0.14022409,0.079226011,0.026108997,6.439308,1.7597452,0.01,26.871108,44.411199,0,2.9295665,0.9999982,0.1,1.262688,1.6668785,1.6281481,0.58889108,0,5.3717152
9.2144289,5.4206072,1.1079653,0.14115423,0.079679629,0.025820711,6.4013263,1.7517419,0.01,26.99365,44.615368,0,2.9216784,0.99999831,0.1,1.2697684,1.65191,1.6289673,0.58524262,0,5.3525459
9.252505,5.4033497,1.1014995,0.14208482,0.080131484,0.025536772,6.3634611,1.7438799,0.01,27.115776,44.818808,0,2.9137698,0.99999841,0.1,1.2768032,1.6369665,1.6297272,0.58163915,0,5.3334171
9.2905812,5.3861424,1.0950533,0.14301583,0.080581289,0.025257172,6.3257125,1.7361576,0.01,27.237489,45.021521,0,2.9058615,0.99999851,0.1,1.2838002,1.6220613,1.6304272,0.57808036,0,5.3143302
9.3286573,5.3689852,1.0886268,0.14394722,0.081028951,0.024981856,6.2880802,1.7285731,0.01,27.358789,45.223507,0,2.8979613,0.9999986,0.1,1.2907617,1.6071997,1.6310673,0.57456589,0,5.2952861
9.3667335,5.3518779,1.08222,0.14487896,0.081474439,0.024710761,6.2505642,1.7211248,0.01,27.479677,45.424769,0,2.8900732,0.99999868,0.1,1.2976881,1.592385,1.6316479,0.57109534,0,5.2762857
9.4048096,5.3348205,1.0758327,0.14581102,0.081917738,0.024443817,6.2131643,1.7138109,0.01,27.600153,45.625309,0,2.8821997,0.99999877,0.1,1.3045798,1.5776199,1.6321692,0.56766832,0,5.2573295
9.4428858,5.317813,1.0694651,0.14674335,0.082358838,0.024180957,6.1758805,1.7066296,0.01,27.72022,45.825128,0,2.8743431,0.99999884,0.1,1.3114366,1.5629065,1.6326316,0.56428443,0,5.2384184
9.4809619,5.3008552,1.063117,0.14767593,0.082797732,0.023922113,6.1387127,1.6995794,0.01,27.839878,46.024227,0,2.8665055,0.99999891,0.1,1.3182585,1.548247,1.6330355,0.56094327,0,5.2195528
9.5190381,5.2839472,1.0567886,0.14860873,0.083234416,0.023667218,6.1016606,1.6926585,0.01,27.959127,46.222609,0,2.8586888,0.99999898,0.1,1.3250454,1.5336435,1.6333812,0.55764443,0,5.2007335
9.5571142,5.2670888,1.0504796,0.14954171,0.083668884,0.023416209,6.0647242,1.6858653,0.01,28.07797,46.420276,0,2.8508951,0.99999904,0.1,1.3317973,1.5190979,1.6336693,0.55438751,0,5.1819609
9.5951904,5.25028,1.0441903,0.15047484,0.084101131,0.02316902,6.0279033,1.6791982,0.01,28.196406,46.617228,0,2.8431262,0.9999991,0.1,1.3385141,1.5046121,1.6339001,0.55117211,0,5.1632357
9.6332665,5.2335207,1.0379204,0.15140808,0.084531155,0.02292559,5.9911978,1.6726554,0.01,28.314438,46.813469,0,2.8353839,0.99999915,0.1,1.3451958,1.4901881,1.6340741,0.54799781,0,5.1445584
9.6713427,5.2168109,1.03167,0.1523414,0.084958952,0.022685856,5.9546076,1.6662355,0.01,28.432065,47.008999,0,2.82767,0.99999921,0.1,1.3518424,1.4758276,1.6341915,0.54486421,0,5.1259295
9.7094188,5.2001504,1.0254391,0.15327478,0.085384519,0.022449759,5.9181324,1.6599368,0.01,28.54929,47.203821,0,2.8199862,0.99999926,0.1,1.3584539,1.4615323,1.634253,0.54177091,0,5.1073495
9.747495,5.1835391,1.0192277,0.15420817,0.085807854,0.022217238,5.8817722,1.6537577,0.01,28.666112,47.397936,0,2.8123341,0.9999993,0.1,1.3650302,1.447304,1.6342589,0.53871749,0,5.0888189
9.7855711,5.1669771,1.0130356,0.15514156,0.086228957,0.021988235,5.8455268,1.6476967,0.01,28.782534,47.591346,0,2.8047154,0.99999934,0.1,1.3715713,1.4331441,1.6342096,0.53570355,0,5.0703382
9.8236473,5.1504642,1.006863,0.1560749,0.086647825,0.021762692,5.809396,1.6417522,0.01,28.898556,47.784054,0,2.7971316,0.99999938,0.1,1.3780773,1.4190543,1.6341057,0.53272868,0,5.0519077
9.8617234,5.1340004,1.0007098,0.15700816,0.08706446,0.021540554,5.7733797,1.6359227,0.01,29.014179,47.976061,0,2.7895842,0.99999942,0.1,1.3845481,1.4050361,1.6339476,0.52979248,0,5.033528
9.8997996,5.1175855,0.99457591,0.15794132,0.087478861,0.021321765,5.7374777,1.6302067,0.01,29.129404,48.16737,0,2.7820747,0.99999946,0.1,1.3909838,1.3910908,1.6337358,0.52689455,0,5.0151994
9.9378758,5.1012195,0.98846136,0.15887434,0.087891028,0.021106269,5.7016898,1.6246027,0.01,29.244233,48.357981,0,2.7746044,0.99999949,0.1,1.3973845,1.3772199,1.6334707,0.52403446,0,4.9969223
9.9759519,5.0849023,0.98236612,0.1598072,0.088300964,0.020894015,5.6660159,1.6191092,0.01,29.358666,48.547898,0,2.7671747,0.99999952,0.1,1.4037501,1.3634246,1.6331528,0.52121183,0,4.9786971
10.014028,5.0686338,0.97629016,0.16073986,0.088708669,0.020684949,5.6304558,1.6137248,0.01,29.472705,48.737121,0,2.7597869,0.99999955,0.1,1.4100806,1.3497063,1.6327826,0.51842625,0,4.9605241
10.052104,5.052414,0.97023345,0.16167229,0.089114146,0.020479019,5.5950093,1.6084479,0.01,29.58635,48.925653,0,2.7524423,0.99999958,0.1,1.4163763,1.3360661,1.6323606,0.51567732,0,4.9424038
10.09018,5.0362427,0.96419596,0.16260447,0.089517398,0.020276175,5.5596762,1.6032772,0.01,29.699603,49.113497,0,2.7451421,0.9999996,0.1,1.422637,1.3225051,1.6318872,0.51296464,0,4.9243362
10.128257,5.0201199,0.95817767,0.16353636,0.089918427,0.020076366,5.5244563,1.5982113,0.01,29.812464,49.300654,0,2.7378875,0.99999963,0.1,1.4288629,1.3090246,1.631363,0.51028781,0,4.9063218
10.166333,5.0040455,0.95217854,0.16446794,0.090317238,0.019879544,5.4893495,1.5932487,0.01,29.924936,49.487125,0,2.7306795,0.99999965,0.1,1.435054,1.2956255,1.6307886,0.50764644,0,4.888361
10.204409,4.9880194,0.94619855,0.16539918,0.090713834,0.019685661,5.4543555,1.5883881,0.01,30.037018,49.672914,0,2.7235193,0.99999967,0.1,1.4412105,1.2823088,1.6301642,0.50504014,0,4.8704538
10.242485,4.9720414,0.94023766,0.16633004,0.09110822,0.019494668,5.4194742,1.5836281,0.01,30.148713,49.858022,0,2.7164078,0.99999969,0.1,1.4473324,1.2690755,1.6294906,0.5024685,0,4.8526007
10.280561,4.9561116,0.93429585,0.16726051,0.0915004,0.01930652,5.3847054,1.5789673,0.01,30.26002,50.042452,0,2.7093461,0.99999971,0.1,1.4534197,1.2559264,1.6287682,0.49993116,0,4.8348017
10.318637,4.9402298,0.92837308,0.16819055,0.091890379,0.019121171,5.3500488,1.5744044,0.01,30.370942,50.226204,0,2.7023352,0.99999973,0.1,1.4594727,1.2428625,1.6279975,0.49742771,0,4.8170572
10.356713,4.9243959,0.92246932,0.16912014,0.092278164,0.018938576,5.3155042,1.5699381,0.01,30.481479,50.409282,0,2.6953759,0.99999975,0.1,1.4654913,1.2298846,1.627179,0.49495778,0,4.7993674
10.39479,4.9086099,0.91658454,0.17004924,0.09266376,0.01875869,5.2810715,1.565567,0.01,30.591633,50.591688,0,2.6884691,0.99999976,0.1,1.4714758,1.2169933,1.6263133,0.49252097,0,4.7817323
10.432866,4.8928716,0.9107187,0.17097784,0.093047174,0.01858147,5.2467505,1.5612899,0.01,30.701404,50.773423,0,2.6816156,0.99999978,0.1,1.4774261,1.2041895,1.6254008,0.49011692,0,4.7641523
10.470942,4.877181,0.90487178,0.1719059,0.093428412,0.018406873,5.2125409,1.5571055,0.01,30.810794,50.95449,0,2.6748162,0.99999979,0.1,1.4833425,1.1914737,1.6244422,0.48774526,0,4.7466275
10.509018,4.8615379,0.89904374,0.17283341,0.093807481,0.018234858,5.1784425,1.5530126,0.01,30.919803,51.13489,0,2.6680718,0.9999998,0.1,1.4892251,1.1788467,1.6234379,0.48540559,0,4.729158
10.547094,4.8459423,0.89323454,0.17376032,0.094184389,0.018065382,5.1444551,1.5490098,0.01,31.028434,51.314627,0,2.6613829,0.99999982,0.1,1.4950739,1.166309,1.6223884,0.48309756,0,4.7117439
10.58517,4.8303941,0.88744415,0.17468663,0.094559143,0.017898407,5.1105785,1.545096,0.01,31.136687,51.493701,0,2.6547504,0.99999983,0.1,1.5008892,1.1538612,1.6212944,0.4808208,0,4.6943854
10.623246,4.8148931,0.88167254,0.17561229,0.094931752,0.017733891,5.0768124,1.5412698,0.01,31.244563,51.672115,0,2.6481747,0.99999984,0.1,1.506671,1.1415037,1.6201563,0.47857494,0,4.6770827
10.661323,4.7994393,0.87591967,0.1765373,0.095302223,0.017571796,5.0431567,1.5375302,0.01,31.352063,51.849872,0,2.6416566,0.99999985,0.1,1.5124195,1.1292371,1.6189747,0.47635963,0,4.6598356
10.699399,4.7840326,0.8701855,0.17746161,0.095670566,0.017412083,5.0096112,1.533876,0.01,31.459188,52.026973,0,2.6351967,0.99999986,0.1,1.5181348,1.1170618,1.6177501,0.4741745,0,4.6426444
10.737475,4.7686729,0.86447,0.17838522,0.09603679,0.017254714,4.9761755,1.5303058,0.01,31.56594,52.203421,0,2.6287954,0.99999987,0.1,1.5238172,1.1049782,1.616483,0.47201921,0,4.6255092
10.775551,4.75336,0.85877314,0.17930809,0.096400903,0.017099653,4.9428496,1.5268187,0.01,31.67232,52.379217,0,2.6224533,0.99999987,0.1,1.5294667,1.0929866,1.615174,0.4698934,0,4.60843
10.813627,4.7380939,0.85309486,0.1802302,0.096762915,0.016946862,4.909633,1.5234134,0.01,31.778328,52.554364,0,2.6161709,0.99999988,0.1,1.5350835,1.0810874,1.6138237,0.46779673,0,4.5914068
10.851703,4.7228745,0.84743515,0.18115153,0.097122836,0.016796305,4.8765257,1.5200887,0.01,31.883967,52.728864,0,2.6099486,0.99999989,0.1,1.5406678,1.0692808,1.6124325,0.46572884,0,4.5744397
10.88978,4.7077017,0.84179396,0.18207205,0.097480676,0.016647948,4.8435274,1.5168437,0.01,31.989236,52.902719,0,2.6037868,0.9999999,0.1,1.5462197,1.0575671,1.6110011,0.46368942,0,4.5575287
10.927856,4.6925754,0.83617125,0.18299174,0.097836445,0.016501756,4.8106378,1.5136771,0.01,32.094138,53.075931,0,2.597686,0.9999999,0.1,1.5517394,1.0459466,1.6095299,0.46167811,0,4.5406738
10.965932,4.6774955,0.83056698,0.18391058,0.098190153,0.016357695,4.7778567,1.5105879,0.01,32.198673,53.248502,0,2.5916465,0.99999991,0.1,1.5572271,1.0344194,1.6080195,0.45969458,0,4.5238749
11.004008,4.6624618,0.82498112,0.18482855,0.098541812,0.01621573,4.745184,1.5075749,0.01,32.302842,53.420435,0,2.5856687,0.99999991,0.1,1.562683,1.0229857,1.6064705,0.45773851,0,4.5071321
11.042084,4.6474743,0.81941363,0.18574562,0.098891432,0.01607583,4.7126193,1.5046372,0.01,32.406647,53.591731,0,2.5797528,0.99999992,0.1,1.5681072,1.0116456,1.6048833,0.45580958,0,4.4904454
11.08016,4.6325329,0.81386447,0.18666178,0.099239024,0.015937962,4.6801623,1.5017736,0.01,32.510088,53.762393,0,2.5738992,0.99999992,0.1,1.5735,1.0003992,1.6032587,0.45390745,0,4.4738148
11.118236,4.6176374,0.8083336,0.18757699,0.0995846,0.015802094,4.647813,1.4989831,0.01,32.613167,53.932423,0,2.5681081,0.99999993,0.1,1.5788614,0.98924666,1.601597,0.45203182,0,4.4572401
11.156313,4.6027878,0.80282098,0.18849125,0.099928171,0.015668195,4.615571,1.4962647,0.01,32.715885,54.101823,0,2.5623797,0.99999993,0.1,1.5841917,0.97818794,1.5998988,0.45018237,0,4.4407213
11.194389,4.587984,0.79732657,0.18940453,0.10026975,0.015536235,4.5834361,1.4936173,0.01,32.818243,54.270595,0,2.5567142,0.99999994,0.1,1.5894911,0.96722308,1.5981647,0.44835879,0,4.4242584
11.232465,4.5732258,0.79185033,0.1903168,0.10060935,0.015406182,4.551408,1.49104,0.01,32.920242,54.438741,0,2.5511119,0.99999994,0.1,1.5947598,0.95635207,1.5963953,0.44656078,0,4.4078513
11.270541,4.5585132,0.78639222,0.19122806,0.10094697,0.015278008,4.5194865,1.4885317,0.01,33.021884,54.606263,0,2.5455729,0.99999994,0.1,1.599998,0.94557489,1.594591,0.44478803,0,4.3914999
11.308617,4.5438461,0.78095221,0.19213827,0.10128264,0.015151683,4.4876714,1.4860915,0.01,33.123169,54.773164,0,2.5400973,0.99999995,0.1,1.6052059,0.93489147,1.5927525,0.44304025,0,4.375204
11.346693,4.5292242,0.77553024,0.19304743,0.10161637,0.01502718,4.4559624,1.4837184,0.01,33.224098,54.939446,0,2.5346853,0.99999995,0.1,1.6103836,0.92430173,1.5908802,0.44131715,0,4.3589637
11.38477,4.5146476,0.77012629,0.1939555,0.10194816,0.014904468,4.4243593,1.4814113,0.01,33.324673,55.10511,0,2.5293369,0.99999995,0.1,1.6155314,0.91380558,1.5889748,0.43961843,0,4.3427789
11.422846,4.5001162,0.7647403,0.19486248,0.10227804,0.014783522,4.3928618,1.4791695,0.01,33.424895,55.270159,0,2.5240523,0.99999996,0.1,1.6206494,0.90340287,1.5870367,0.43794381,0,4.3266492
11.460922,4.4856297,0.75937225,0.19576835,0.10260601,0.014664314,4.3614697,1.4769919,0.01,33.524764,55.434595,0,2.5188315,0.99999996,0.1,1.625738,0.89309348,1.5850665,0.43629301,0,4.3105746
11.498998,4.4711882,0.75402208,0.19667307,0.10293208,0.014546817,4.3301827,1.4748776,0.01,33.624283,55.59842,0,2.5136745,0.99999996,0.1,1.6307973,0.88287721,1.5830648,0.43466575,0,4.2945551
11.537074,4.4567915,0.74868976,0.19757665,0.10325628,0.014431005,4.2990006,1.4728257,0.01,33.723451,55.761636,0,2.5085813,0.99999996,0.1,1.6358274,0.87275389,1.581032,0.43306177,0,4.2785904
11.57515,4.4424395,0.74337524,0.19847906,0.1035786,0.014316853,4.2679231,1.4708353,0.01,33.822271,55.924245,0,2.503552,0.99999997,0.1,1.6408287,0.8627233,1.5789688,0.43148078,0,4.2626803
11.613226,4.4281321,0.73807849,0.19938028,0.10389908,0.014204335,4.23695,1.4689055,0.01,33.920743,56.086249,0,2.4985865,0.99999997,0.1,1.6458013,0.85278522,1.5768756,0.42992253,0,4.2468248
11.651303,4.4138692,0.73279946,0.20028029,0.10421771,0.014093426,4.2060811,1.4670353,0.01,34.018868,56.247651,0,2.4936849,0.99999997,0.1,1.6507455,0.84293939,1.5747531,0.42838675,0,4.2310236
11.689379,4.3996506,0.72753811,0.20117909,0.10453451,0.013984102,4.175316,1.465224,0.01,34.116648,56.408452,0,2.4888469,0.99999997,0.1,1.6556614,0.83318555,1.5726018,0.4268732,0,4.2152766
11.727455,4.3854763,0.7222944,0.20207664,0.10484951,0.01387634,4.1446545,1.4634707,0.01,34.214083,56.568654,0,2.4840727,0.99999997,0.1,1.6605493,0.82352341,1.5704221,0.42538161,0,4.1995835
11.765531,4.3713462,0.71706829,0.20297295,0.1051627,0.013770114,4.1140965,1.4617744,0.01,34.311175,56.72826,0,2.4793621,0.99999998,0.1,1.6654094,0.81395269,1.5682147,0.42391174,0,4.1839441
11.803607,4.3572602,0.71185973,0.20386799,0.1054741,0.013665404,4.0836415,1.4601344,0.01,34.407925,56.887271,0,2.4747149,0.99999998,0.1,1.6702419,0.80447306,1.56598,0.42246334,0,4.1683583
11.841683,4.3432181,0.70666869,0.20476174,0.10578374,0.013562185,4.0532895,1.4585498,0.01,34.504334,57.04569,0,2.4701312,0.99999998,0.1,1.675047,0.79508418,1.5637187,0.42103619,0,4.1528259
11.87976,4.3292198,0.70149512,0.20565419,0.10609161,0.013460435,4.0230401,1.4570198,0.01,34.600402,57.203519,0,2.4656108,0.99999998,0.1,1.679825,0.78578572,1.5614312,0.41963003,0,4.1373465
11.917836,4.3152652,0.69633898,0.20654533,0.10639774,0.013360133,3.9928931,1.4555436,0.01,34.696132,57.360759,0,2.4611534,0.99999998,0.1,1.6845761,0.77657731,1.5591181,0.41824464,0,4.12192
11.955912,4.3013543,0.69120022,0.20743515,0.10670215,0.013261258,3.9628482,1.4541204,0.01,34.791524,57.517413,0,2.4567591,0.99999998,0.1,1.6893005,0.76745858,1.55678,0.41687979,0,4.1065461
11.993988,4.2874868,0.68607882,0.20832361,0.10700483,0.013163787,3.9329052,1.4527493,0.01,34.886578,57.673482,0,2.4524276,0.99999998,0.1,1.6939985,0.75842914,1.5544173,0.41553525,0,4.0912246
12.032064,4.2736625,0.68097466,0.20921107,0.10736409,0.013035895,3.9030623,1.4514305,0.01,34.981299,57.828961,0,2.4442728,0.99999998,0.1,1.7036854,0.74058738,1.5534553,0.41413603,0,4.0752113
12.07014,4.2598805,0.67588791,0.21009813,0.10779178,0.012899743,3.8733309,1.4501666,0.01,35.075681,57.983816,0,2.4315014,0.99999999,0.1,1.7112638,0.72023762,1.5528184,0.41270992,0,4.0587818
12.108216,4.2461407,0.67081871,0.21098483,0.10822706,0.012765813,3.8437044,1.4489571,0.01,35.169723,58.138046,0,2.4181707,0.99999999,0.1,1.7180573,0.70011346,1.5521566,0.41130225,0,4.0423843
12.146293,4.2324429,0.66576704,0.21187113,0.10865806,0.012634938,3.8141813,1.4478013,0.01,35.263427,58.291653,0,2.4050713,0.99999999,0.1,1.724621,0.68045029,1.5514351,0.40991616,0,4.0260516
12.184369,4.2187873,0.66073288,0.212757,0.10908274,0.012507196,3.7847611,1.4466983,0.01,35.356793,58.44464,0,2.3923416,0.99999999,0.1,1.7310596,0.66128198,1.550648,0.40855208,0,4.0097903
12.222445,4.2051736,0.65571618,0.2136424,0.10950082,0.012382537,3.7554436,1.4456473,0.01,35.449823,58.597008,0,2.38,0.99999999,0.1,1.7373938,0.64260617,1.5497944,0.40721,0,3.9936019
12.260521,4.1916018,0.65071691,0.21452729,0.10991237,0.012260885,3.7262283,1.4446475,0.01,35.542517,58.748762,0,2.3680433,0.99999999,0.1,1.7436292,0.62441409,1.5488745,0.40588977,0,3.9774874
12.298597,4.1780719,0.64573501,0.21541164,0.1103175,0.012142163,3.6971151,1.4436979,0.01,35.634877,58.899904,0,2.3564643,0.99999999,0.1,1.7497684,0.60669591,1.5478885,0.40459126,0,3.961447
12.336673,4.1645838,0.64077045,0.21629541,0.11071635,0.012026294,3.6681037,1.4427977,0.01,35.726903,59.050436,0,2.3452552,0.99999999,0.1,1.7558135,0.58944167,1.5468369,0.4033143,0,3.9454814
12.374749,4.1511374,0.63582318,0.21717855,0.11110905,0.011913206,3.6391938,1.4419461,0.01,35.818597,59.200361,0,2.3344081,0.99999999,0.1,1.7617666,0.57264144,1.5457204,0.40205876,0,3.9295907
12.412826,4.1377327,0.63089316,0.21806105,0.11149572,0.011802826,3.6103851,1.4411422,0.01,35.909959,59.349683,0,2.3239151,0.99999999,0.1,1.7676298,0.55628538,1.5445393,0.40082446,0,3.9137752
12.450902,4.1243695,0.62598034,0.21894285,0.1118765,0.011695081,3.5816774,1.4403853,0.01,36.000992,59.498405,0,2.3137686,0.99999999,0.1,1.7734048,0.54036371,1.5432943,0.39961124,0,3.898035
12.488978,4.1110478,0.62108467,0.21982392,0.11225151,0.011589905,3.5530703,1.4396744,0.01,36.091696,59.646528,0,2.3039607,0.99999999,0.1,1.7790939,0.52486679,1.5419862,0.39841898,0,3.8823706
12.527054,4.0977676,0.61620612,0.22070422,0.11262088,0.011487229,3.5245635,1.4390089,0.01,36.182071,59.794056,0,2.2944839,0.99999999,0.1,1.7846989,0.50978508,1.5406157,0.39724752,0,3.8667818
12.56513,4.0845287,0.61134463,0.22158373,0.11298474,0.011386987,3.4961568,1.4383878,0.01,36.27212,59.940992,0,2.2853307,0.99999999,0.1,1.7902216,0.4951091,1.5391833,0.39609664,0,3.8512682
12.603206,4.071331,0.60650016,0.2224624,0.1133432,0.011289117,3.46785,1.4378104,0.01,36.361843,60.087339,0,2.2764935,0.99999999,0.1,1.795664,0.48082953,1.53769,0.39496622,0,3.83583
12.641283,4.0581746,0.60167266,0.22334019,0.11369639,0.011193555,3.4396426,1.4372759,0.01,36.451242,60.2331,0,2.2679651,0.99999999,0.1,1.8010279,0.46693717,1.5361366,0.3938561,0,3.8204672
12.679359,4.0450592,0.59686208,0.22421709,0.11404443,0.011100242,3.4115344,1.4367835,0.01,36.540317,60.378277,0,2.2597382,0.99999999,0.1,1.8063152,0.45342294,1.5345241,0.39276614,0,3.8051796
12.717435,4.0319849,0.59206837,0.22509305,0.11438743,0.011009117,3.3835251,1.4363325,0.01,36.62907,60.522873,0,2.2518056,1,0.1,1.8115277,0.44027789,1.5328533,0.39169615,0,3.7899667
12.755511,4.0189516,0.58729149,0.22596803,0.11472553,0.010920125,3.3556145,1.4359219,0.01,36.717502,60.666891,0,2.2441604,1,0.1,1.8166672,0.42749319,1.5311252,0.39064596,0,3.7748281
12.793587,4.005959,0.58253139,0.22684202,0.11505882,0.010833208,3.3278023,1.4355512,0.01,36.805614,60.810335,0,2.2367954,1,0.1,1.8217353,0.41506016,1.5293408,0.38961544,0,3.7597637
12.831663,3.9930073,0.57778802,0.22771496,0.11538743,0.010748314,3.300088,1.4352194,0.01,36.893406,60.953206,0,2.2297041,1,0.1,1.8267339,0.40297026,1.5275012,0.38860443,0,3.7447731
12.869739,3.9800963,0.57306134,0.22858685,0.11571146,0.010665388,3.2724716,1.4349259,0.01,36.980881,61.095508,0,2.2228796,1,0.1,1.8316645,0.3912151,1.5256074,0.38761276,0,3.7298554
12.907816,3.9672258,0.56835129,0.22945763,0.11603103,0.010584381,3.2449526,1.43467,0.01,37.06804,61.237243,0,2.2163154,1,0.1,1.836529,0.37978639,1.5236604,0.38664027,0,3.7150104
12.945892,3.9543959,0.56365782,0.23032729,0.11634624,0.010505241,3.2175308,1.4344508,0.01,37.154883,61.378414,0,2.2100049,1,0.1,1.8413288,0.36867604,1.5216615,0.38568683,0,3.7002376
12.983968,3.9416064,0.55898089,0.23119579,0.1166572,0.010427921,3.1902059,1.4342676,0.01,37.241411,61.519024,0,2.2039418,1,0.1,1.8460657,0.35787607,1.5196118,0.38475227,0,3.6855362
13.022044,3.9288572,0.55432045,0.23206311,0.11696401,0.010352374,3.1629777,1.4341197,0.01,37.327626,61.659075,0,2.1981199,1,0.1,1.8507412,0.34737866,1.5175124,0.38383643,0,3.6709055
13.06012,3.9161483,0.54967645,0.23292921,0.11726678,0.010278554,3.1358457,1.4340064,0.01,37.413529,61.798571,0,2.1925329,1,0.1,1.8553568,0.33717613,1.5153645,0.38293918,0,3.6563449
13.098196,3.9034795,0.54504885,0.23379408,0.11756561,0.010206417,3.1088099,1.4339269,0.01,37.499121,61.937514,0,2.1871751,1,0.1,1.8599141,0.32726097,1.5131694,0.38206039,0,3.6418538
13.136273,3.8908508,0.54043759,0.23465768,0.1178606,0.01013592,3.0818698,1.4338806,0.01,37.584403,62.075906,0,2.1820403,1,0.1,1.8644145,0.31762578,1.5109282,0.38119988,0,3.6274311
13.174349,3.878262,0.53584262,0.23551998,0.11815184,0.01006702,3.0550252,1.4338667,0.01,37.669376,62.21375,0,2.1771228,1,0.1,1.8688595,0.30826333,1.5086422,0.38035753,0,3.6130762
13.212425,3.8657132,0.53126391,0.23638097,0.11843943,0.0099996794,3.0282758,1.4338845,0.01,37.754042,62.351049,0,2.1724171,1,0.1,1.8732505,0.29916654,1.5063126,0.3795332,0,3.5987883
13.250501,3.8532041,0.5267014,0.23724061,0.11872346,0.0099338574,3.0016213,1.4339334,0.01,37.8384,62.487805,0,2.1679175,1,0.1,1.877589,0.29032848,1.5039409,0.37872677,0,3.5845666
13.288577,3.8407347,0.52215505,0.23809889,0.11900402,0.0098695159,2.9750616,1.4340126,0.01,37.922454,62.624021,0,2.1636186,1,0.1,1.8818763,0.28174234,1.5015281,0.37793809,0,3.5704099
13.326653,3.8283048,0.5176248,0.23895577,0.11928121,0.0098066184,2.9485962,1.4341215,0.01,38.006202,62.759699,0,2.1595151,1,0.1,1.8861137,0.27340147,1.4990756,0.37716704,0,3.5563175
13.364729,3.8159145,0.51311062,0.23981125,0.11955511,0.0097451297,2.922225,1.4342593,0.01,38.089648,62.894841,0,2.1556019,1,0.1,1.8903025,0.26529939,1.4965847,0.37641351,0,3.5422885
13.402806,3.8035636,0.50861245,0.24066529,0.1198258,0.0096850151,2.8959476,1.4344254,0.01,38.172791,63.029451,0,2.1518739,1,0.1,1.8944441,0.25742972,1.4940567,0.37567738,0,3.5283219
13.440882,3.7912519,0.50413025,0.24151788,0.12009338,0.0096262409,2.8697639,1.4346192,0.01,38.255633,63.16353,0,2.148326,1,0.1,1.8985398,0.24978625,1.4914929,0.37495852,0,3.5144166
13.478958,3.7789795,0.49966398,0.242369,0.12035792,0.0095687752,2.8436734,1.4348399,0.01,38.338175,63.29708,0,2.1449535,1,0.1,1.9025906,0.24236289,1.4888946,0.37425683,0,3.5005716
13.517034,3.7667461,0.49521359,0.24321862,0.12061951,0.0095125868,2.8176761,1.4350869,0.01,38.420418,63.430105,0,2.1417516,1,0.1,1.9065979,0.2351537,1.4862632,0.37357222,0,3.4867861
13.55511,3.7545518,0.49077903,0.24406673,0.12087821,0.0094576456,2.7917716,1.4353595,0.01,38.502363,63.562605,0,2.1387158,1,0.1,1.9105629,0.2281529,1.4836,0.37290459,0,3.4730588
13.593186,3.7423964,0.48636026,0.2449133,0.12113413,0.0094039219,2.7659597,1.4356572,0.01,38.584011,63.694584,0,2.1358414,1,0.1,1.9144866,0.22135479,1.4809061,0.37225382,0,3.4593887
13.631263,3.7302798,0.48195724,0.24575834,0.12138731,0.0093513879,2.7402401,1.4359791,0.01,38.665363,63.826043,0,2.1331241,1,0.1,1.9183702,0.21475385,1.4781831,0.37161984,0,3.4457747
13.669339,3.7182019,0.47756992,0.2466018,0.12163785,0.0093000166,2.7146127,1.4363248,0.01,38.74642,63.956986,0,2.1305596,1,0.1,1.9222149,0.20834468,1.4754322,0.37100257,0,3.4322159
13.707415,3.7061626,0.47319827,0.24744369,0.12188581,0.0092497816,2.689077,1.4366934,0.01,38.827183,64.087412,0,2.1281437,1,0.1,1.9260217,0.20212201,1.4726547,0.37040194,0,3.4187111
13.745491,3.6941618,0.46884223,0.24828399,0.12213127,0.0092006569,2.663633,1.4370845,0.01,38.907653,64.217326,0,2.1258723,1,0.1,1.9297916,0.19608067,1.4698519,0.36981785,0,3.4052589
13.783567,3.6821994,0.46450176,0.24912268,0.12237429,0.0091526186,2.6382803,1.4374973,0.01,38.987831,64.346728,0,2.1237413,1,0.1,1.9335257,0.19021566,1.4670251,0.36925025,0,3.3918585
13.821643,3.6702753,0.46017683,0.24995975,0.12261494,0.0091056434,2.6130188,1.4379313,0.01,39.067719,64.475621,0,2.121747,1,0.1,1.937225,0.18452207,1.4641757,0.3686991,0,3.3785087
13.859719,3.6583894,0.45586739,0.25079518,0.12285329,0.0090597084,2.5878482,1.4383857,0.01,39.147317,64.604006,0,2.1198856,1,0.1,1.9408905,0.17899514,1.461305,0.36816434,0,3.3652084
13.897796,3.6465416,0.45157341,0.25162897,0.1230894,0.0090147912,2.5627682,1.43886,0.01,39.226625,64.731886,0,2.1181533,1,0.1,1.9445231,0.1736302,1.4584141,0.3676459,0,3.3519562
13.935872,3.634732,0.44729482,0.25246085,0.12329299,0.0089834676,2.5377763,1.4393524,0.01,39.305647,64.859272,0,2.1185705,1,0.1,1.9458603,0.17271023,1.4546044,0.36721043,0,3.3393617
13.973948,3.6229606,0.44303142,0.25329054,0.12347228,0.0089538871,2.512869,1.4398605,0.01,39.384386,64.986183,0,2.1205919,1,0.1,1.9484117,0.17218025,1.4507568,0.36680158,0,3.3269072
14.012024,3.6112273,0.4387831,0.25411803,0.12364839,0.00892479,2.4880501,1.4403837,0.01,39.462844,65.11262,0,2.1228097,1,0.1,1.9511424,0.17166737,1.4469225,0.36640657,0,3.3144762
14.0501,3.599532,0.43454983,0.25494334,0.12382395,0.0088961328,2.4633196,1.4409214,0.01,39.54102,65.238584,0,2.12505,1,0.1,1.9538926,0.1711574,1.4431048,0.36602519,0,3.3020655
14.088176,3.5878746,0.43033157,0.25576647,0.12399928,0.0088679104,2.4386776,1.4414732,0.01,39.618917,65.364076,0,2.1272914,1,0.1,1.9566428,0.1706486,1.4393044,0.36565744,0,3.2896741
14.126253,3.576255,0.4261283,0.25658744,0.12417442,0.0088401225,2.4141238,1.4420385,0.01,39.696535,65.489096,0,2.1295316,1,0.1,1.9593908,0.17014079,1.4355217,0.3653034,0,3.2773013
14.164329,3.564673,0.42193999,0.25740625,0.12434938,0.0088127696,2.389658,1.4426168,0.01,39.773875,65.613646,0,2.1317702,1,0.1,1.9621362,0.16963393,1.4317573,0.36496315,0,3.2649464
14.202405,3.5531286,0.41776662,0.25822292,0.12452417,0.0087858522,2.3652802,1.4432075,0.01,39.850936,65.737725,0,2.1340073,1,0.1,1.9648793,0.16912805,1.4280115,0.36463677,0,3.2526086
14.240481,3.5416216,0.41360814,0.25903745,0.12469881,0.0087593712,2.3409902,1.4438101,0.01,39.927722,65.861335,0,2.1362432,1,0.1,1.96762,0.16862315,1.4242849,0.36432435,0,3.2402873
14.278557,3.5301519,0.40946455,0.25984986,0.12487328,0.0087333275,2.3167878,1.4444241,0.01,40.004231,65.984475,0,2.1384778,1,0.1,1.9703585,0.16811923,1.4205778,0.36402599,0,3.2279817
14.316633,3.5187195,0.4053358,0.26066016,0.12504761,0.0087077225,2.2926729,1.4450489,0.01,40.080464,66.107148,0,2.1407113,1,0.1,1.9730949,0.16761633,1.4168908,0.3637418,0,3.2156911
14.354709,3.5073241,0.40122187,0.26146836,0.12522179,0.0086825574,2.2686454,1.4456841,0.01,40.156424,66.229353,0,2.1429437,1,0.1,1.9758293,0.16711443,1.4132244,0.36347191,0,3.2034148
14.392786,3.4959657,0.39712274,0.26227447,0.12539584,0.0086578337,2.2447051,1.4463289,0.01,40.232109,66.35109,0,2.1451753,1,0.1,1.9785618,0.16661356,1.4095789,0.36321641,0,3.1911518
14.430862,3.4846442,0.39303839,0.2630785,0.12556975,0.0086335532,2.2208518,1.4469829,0.01,40.307522,66.472361,0,2.1474061,1,0.1,1.9812924,0.16611372,1.405955,0.36297547,0,3.1789015
14.468938,3.4733594,0.38896878,0.26388047,0.12574355,0.0086097178,2.1970855,1.4476456,0.01,40.382662,66.593165,0,2.1496363,1,0.1,1.9840214,0.16561492,1.402353,0.36274921,0,3.166663
14.507014,3.4621113,0.3849139,0.26468039,0.12591722,0.0085863298,2.173406,1.4483163,0.01,40.45753,66.713503,0,2.1518659,1,0.1,1.9867487,0.16511717,1.3987734,0.3625378,0,3.1544355
14.54509,3.4508997,0.38087372,0.26547827,0.12609079,0.0085633917,2.1498133,1.4489945,0.01,40.532128,66.833376,0,2.1540951,1,0.1,1.9894746,0.16462049,1.3952169,0.3623414,0,3.1422182
14.583166,3.4397246,0.37684822,0.26627413,0.12626425,0.0085409056,2.1263071,1.4496796,0.01,40.606456,66.952784,0,2.156324,1,0.1,1.9921991,0.16412488,1.3916838,0.36216016,0,3.1300102
14.621242,3.4285857,0.37283738,0.26706798,0.12643762,0.0085188745,2.1028874,1.450371,0.01,40.680514,67.071727,0,2.1585527,1,0.1,1.9949224,0.16363036,1.3881748,0.36199427,0,3.1178105
14.659319,3.4174831,0.36884117,0.26785982,0.1266109,0.0084973014,2.0795541,1.4510681,0.01,40.754303,67.190206,0,2.1607814,1,0.1,1.9976445,0.16313692,1.3846902,0.36184393,0,3.1056183
14.697395,3.4064166,0.36485958,0.26864969,0.12678409,0.0084761898,2.056307,1.4517704,0.01,40.827824,67.30822,0,2.1630101,1,0.1,2.0003655,0.16264459,1.3812307,0.36170935,0,3.0934327
14.735471,3.3953861,0.36089258,0.26943759,0.12695721,0.0084555433,2.0331462,1.4524772,0.01,40.901077,67.425771,0,2.165239,1,0.1,2.0030857,0.16215337,1.3777968,0.36159074,0,3.0812528
14.773547,3.3843915,0.35694016,0.27022353,0.12713026,0.0084353655,2.0100714,1.4531879,0.01,40.974064,67.542857,0,2.1674683,1,0.1,2.005805,0.16166327,1.3743892,0.36148832,0,3.0690775
14.811623,3.3734326,0.35300229,0.27100754,0.12730325,0.0084156602,1.9870826,1.4539019,0.01,41.046785,67.65948,0,2.169698,1,0.1,2.0085237,0.1611743,1.3710082,0.36140232,0,3.0569056
14.849699,3.3625094,0.34907897,0.27178962,0.12747619,0.008396432,1.9641797,1.4546185,0.01,41.11924,67.77564,0,2.1719282,1,0.1,2.0112418,0.16068647,1.3676545,0.36133301,0,3.0447364
14.887776,3.3516218,0.34517017,0.27256979,0.12764908,0.0083776857,1.9413626,1.4553372,0.01,41.191431,67.891336,0,2.1741592,1,0.1,2.0139594,0.16019979,1.3643288,0.36128066,0,3.0325688
14.925852,3.3407697,0.34127588,0.27334808,0.12782193,0.0083594261,1.9186313,1.4560573,0.01,41.263357,68.006569,0,2.176391,1,0.1,2.0166768,0.15971427,1.3610316,0.36124554,0,3.0204016
14.963928,3.3299529,0.33739608,0.27412448,0.12799476,0.0083416583,1.8959857,1.456778,0.01,41.335019,68.121338,0,2.1786239,1,0.1,2.019394,0.15922991,1.3577635,0.36122794,0,3.0082337
15.002004,3.3191714,0.33353076,0.27489903,0.12816756,0.008324388,1.8734257,1.4574988,0.01,41.406419,68.235644,0,2.1808578,1,0.1,2.0221111,0.15874674,1.3545251,0.36122817,0,2.9960639
15.04008,3.308425,0.3296799,0.27567174,0.12834035,0.008307621,1.8509513,1.4582189,0.01,41.477556,68.349486,0,2.183093,1,0.1,2.0248283,0.15826475,1.3513172,0.36124656,0,2.9838912
15.078156,3.2977136,0.32584349,0.27644263,0.12851313,0.0082913639,1.8285624,1.4589376,0.01,41.548432,68.462864,0,2.1853297,1,0.1,2.0275457,0.15778396,1.3481404,0.36128346,0,2.9717142
15.116232,3.2870372,0.32202153,0.27721171,0.12868592,0.008275623,1.806259,1.4596543,0.01,41.619046,68.575779,0,2.1875679,1,0.1,2.0302635,0.15730437,1.3449953,0.36133921,0,2.9595318
15.154309,3.2763957,0.31821399,0.277979,0.12885872,0.0082604053,1.784041,1.4603682,0.01,41.689399,68.688229,0,2.1898078,1,0.1,2.0329818,0.156826,1.3418826,0.36141419,0,2.9473425
15.192385,3.2657889,0.31442087,0.27874453,0.12903153,0.0082457184,1.7619085,1.4610786,0.01,41.759493,68.800215,0,2.1920496,1,0.1,2.0357008,0.15634885,1.3388031,0.36150879,0,2.9351451
15.230461,3.2552167,0.31064216,0.2795083,0.12920438,0.0082315702,1.7398614,1.4617847,0.01,41.829327,68.911737,0,2.1942934,1,0.1,2.0384205,0.15587294,1.3357575,0.36162345,0,2.9229382
15.268537,3.244679,0.30687786,0.28027035,0.12937727,0.0082179689,1.7178996,1.4624858,0.01,41.898902,69.022793,0,2.1965394,1,0.1,2.0411412,0.15539827,1.3327465,0.36175859,0,2.9107205
15.306613,3.2341758,0.30312796,0.28103068,0.1295502,0.0082049231,1.6960232,1.463181,0.01,41.968219,69.133383,0,2.1987878,1,0.1,2.0438629,0.15492486,1.3297709,0.36191464,0,2.8984903
15.344689,3.2237069,0.29939244,0.28178933,0.12972319,0.0081924421,1.6742322,1.4638696,0.01,42.037278,69.243507,0,2.2010387,1,0.1,2.046586,0.15445271,1.3268316,0.36209212,0,2.8862461
15.382766,3.2132723,0.29567132,0.28254631,0.12989625,0.0081805359,1.6525266,1.4645507,0.01,42.106079,69.353165,0,2.2032923,1,0.1,2.0493104,0.15398183,1.3239292,0.36229151,0,2.8739866
15.420842,3.2028718,0.29196458,0.28330164,0.13006939,0.0081692145,1.6309064,1.4652235,0.01,42.174624,69.462356,0,2.2055487,1,0.1,2.0520365,0.15351223,1.3210648,0.36251334,0,2.86171
15.458918,3.1925053,0.28827222,0.28405535,0.13024261,0.0081584887,1.6093716,1.4658872,0.01,42.242912,69.571078,0,2.2078082,1,0.1,2.0547643,0.15304393,1.3182391,0.36275815,0,2.8494146
15.496994,3.1821728,0.28459424,0.28480745,0.13041593,0.00814837,1.5879223,1.4665408,0.01,42.310944,69.679332,0,2.2100709,1,0.1,2.057494,0.15257693,1.3154529,0.36302654,0,2.8370986
15.53507,3.1718741,0.28093065,0.28555798,0.13058936,0.0081388706,1.5665585,1.4671835,0.01,42.37872,69.787116,0,2.2123371,1,0.1,2.0602258,0.15211124,1.3127074,0.36331911,0,2.8247605
15.573146,3.1616091,0.27728145,0.28630695,0.13076291,0.0081300028,1.5452803,1.4678143,0.01,42.446242,69.894429,0,2.2146068,1,0.1,2.06296,0.15164688,1.3100033,0.36363649,0,2.8123981
15.611222,3.1513778,0.27364663,0.28705438,0.13093659,0.0081217801,1.5240877,1.4684322,0.01,42.513509,70.001272,0,2.2168804,1,0.1,2.0656966,0.15118385,1.3073417,0.36397935,0,2.8000096
15.649299,3.1411801,0.27002621,0.28780031,0.13111042,0.0081142168,1.5029807,1.4690364,0.01,42.580522,70.107642,0,2.2191581,1,0.1,2.0684359,0.15072217,1.3047237,0.3643484,0,2.787593
15.687375,3.1310158,0.26642019,0.28854476,0.13128439,0.0081073276,1.4819596,1.4696257,0.01,42.647281,70.213538,0,2.2214399,1,0.1,2.0711781,0.15026184,1.3021501,0.36474437,0,2.7751464
15.725451,3.1208849,0.26282859,0.28928775,0.13145854,0.0081011277,1.4610244,1.4701992,0.01,42.713787,70.318959,0,2.2237262,1,0.1,2.0739233,0.14980288,1.2996222,0.36516802,0,2.7626673
15.763527,3.1107873,0.2592514,0.29002931,0.13163287,0.0080956341,1.4401752,1.4707558,0.01,42.780039,70.423905,0,2.2260172,1,0.1,2.0766719,0.14934529,1.2971409,0.36562018,0,2.7501536
15.801603,3.1007228,0.25568865,0.29076946,0.13180739,0.0080908641,1.4194121,1.4712944,0.01,42.84604,70.528373,0,2.2283131,1,0.1,2.079424,0.1488891,1.2947076,0.36610171,0,2.7376032
15.839679,3.0906914,0.25214035,0.29150824,0.13198211,0.0080868356,1.3987353,1.4718139,0.01,42.911787,70.632362,0,2.2306141,1,0.1,2.0821798,0.1484343,1.2923233,0.36661347,0,2.7250133
15.877756,3.080693,0.24860651,0.29224567,0.13215706,0.0080835681,1.3781448,1.472313,0.01,42.977283,70.735871,0,2.2329206,1,0.1,2.0849397,0.14798092,1.2899894,0.36715643,0,2.7123816
15.915832,3.0707276,0.24508715,0.29298178,0.13233115,0.0080817506,1.357641,1.4727907,0.01,43.042527,70.838898,0,2.235305,1,0.1,2.0875199,0.14778509,1.2876575,0.36773531,0,2.6997332
15.953908,3.060795,0.24158229,0.29371654,0.13250016,0.0080817638,1.3372233,1.4732453,0.01,43.107521,70.941444,0,2.2380513,1,0.1,2.0900847,0.14796666,1.285314,0.36835518,0,2.6870941
15.991984,3.0508951,0.23809192,0.29444998,0.13266828,0.0080826148,1.3168921,1.4736754,0.01,43.172263,71.043507,0,2.2408809,1,0.1,2.0927272,0.14815374,1.2830248,0.36900946,0,2.6744049
16.03006,3.041028,0.23461607,0.29518213,0.13283657,0.0080843153,1.2966479,1.4740798,0.01,43.236756,71.145085,0,2.2437255,1,0.1,2.0953837,0.14834181,1.2807922,0.3696992,0,2.661662
16.068136,3.0311934,0.23115477,0.29591302,0.13300515,0.0080868898,1.276491,1.4744571,0.01,43.300998,71.246178,0,2.2465771,1,0.1,2.0980468,0.14853034,1.2786176,0.3704256,0,2.6488623
16.106212,3.0213914,0.22770804,0.29664269,0.13317406,0.0080903653,1.2564215,1.4748058,0.01,43.36499,71.346781,0,2.2494351,1,0.1,2.1007158,0.14871929,1.2765027,0.37118993,0,2.6360024
16.144289,3.0116217,0.22427592,0.29737116,0.13334332,0.0080947706,1.2364398,1.4751246,0.01,43.428733,71.446893,0,2.2522997,1,0.1,2.103391,0.14890868,1.2744489,0.37199354,0,2.623079
16.182365,3.0018845,0.22085845,0.29809848,0.13351295,0.008100136,1.216546,1.4754119,0.01,43.492227,71.546512,0,2.2551712,1,0.1,2.1060727,0.14909853,1.272458,0.37283783,0,2.6100886
16.220441,2.9921794,0.21745565,0.29882469,0.13368297,0.0081064939,1.1967407,1.4756661,0.01,43.555471,71.645635,0,2.2580499,1,0.1,2.1087611,0.14928885,1.2705316,0.37372432,0,2.5970276
16.258517,2.9825066,0.21406758,0.29954981,0.13385338,0.0081138778,1.177024,1.4758856,0.01,43.618466,71.744258,0,2.2609362,1,0.1,2.1114566,0.14947968,1.2686716,0.37465455,0,2.583892
16.296593,2.9728658,0.21069428,0.30027388,0.13402423,0.0081223238,1.1573962,1.4760687,0.01,43.681211,71.842379,0,2.2638305,1,0.1,2.1141595,0.14967103,1.2668797,0.37563019,0,2.5706779
16.334669,2.9632571,0.20733578,0.30099696,0.13419552,0.0081318703,1.1378579,1.4762138,0.01,43.743708,71.939996,0,2.2667331,1,0.1,2.1168702,0.14986293,1.2651581,0.37665301,0,2.557381
16.372745,2.9536803,0.20399215,0.30171907,0.13436727,0.0081425566,1.1184094,1.4763189,0.01,43.805956,72.037104,0,2.2696444,1,0.1,2.119589,0.15005541,1.2635084,0.37772481,0,2.5439969
16.410822,2.9441353,0.20066344,0.30244026,0.13453952,0.008154426,1.099051,1.4763822,0.01,43.867954,72.133701,0,2.2725649,1,0.1,2.1223164,0.1502485,1.2619331,0.37884757,0,2.5305211
16.448898,2.9346222,0.19734971,0.30316057,0.13471228,0.0081675232,1.0797834,1.4764018,0.01,43.929704,72.229782,0,2.2754949,1,0.1,2.1250527,0.15044221,1.2604341,0.38002334,0,2.5169486
16.486974,2.9251407,0.19405101,0.30388005,0.13488557,0.008181896,1.0606068,1.4763755,0.01,43.991205,72.325344,0,2.278435,1,0.1,2.1277984,0.15063659,1.2590138,0.38125428,0,2.5032744
16.52505,2.9156909,0.19076742,0.30459874,0.13505943,0.0081975954,1.041522,1.4763013,0.01,44.052456,72.420383,0,2.2813855,1,0.1,2.1305539,0.15083166,1.2576745,0.38254273,0,2.4894933
16.563126,2.9062727,0.187499,0.30531668,0.13523388,0.0082146747,1.0225293,1.476177,0.01,44.113459,72.514895,0,2.284347,1,0.1,2.1333195,0.15102746,1.2564187,0.38389107,0,2.4755994
16.601202,2.8968859,0.18424583,0.30603394,0.13540894,0.0082331911,1.0036294,1.4760002,0.01,44.174211,72.608876,0,2.28732,1,0.1,2.1360959,0.15122401,1.2552489,0.3853019,0,2.461587
16.639279,2.8875306,0.18100799,0.30675055,0.13558464,0.0082532055,0.98482289,1.4757685,0.01,44.234715,72.70232,0,2.2903049,1,0.1,2.1388835,0.15142136,1.2541679,0.38677795,0,2.44745
16.677355,2.8782066,0.17778556,0.30746657,0.13576103,0.008274782,0.96611043,1.4754794,0.01,44.294968,72.795223,0,2.2933024,1,0.1,2.1416829,0.15161954,1.2531784,0.3883221,0,2.4331817
16.715431,2.868914,0.17457864,0.30818206,0.13593811,0.0082979896,0.9474927,1.4751304,0.01,44.354972,72.88758,0,2.296313,1,0.1,2.1444944,0.15181858,1.2522834,0.38993742,0,2.4187755
16.753507,2.8596525,0.17138732,0.30889706,0.13611593,0.0083229007,0.92897045,1.4747186,0.01,44.414725,72.979385,0,2.2993374,1,0.1,2.1473188,0.15201853,1.2514857,0.39162713,0,2.404224
16.791583,2.8504223,0.1682117,0.30961163,0.13629453,0.0083495936,0.91054444,1.4742411,0.01,44.474227,73.070633,0,2.3023761,1,0.1,2.1501567,0.15221943,1.2507888,0.39339472,0,2.3895197
16.829659,2.8412231,0.16505189,0.31032583,0.13647393,0.0083781508,0.8922155,1.4736951,0.01,44.533479,73.161318,0,2.3054298,1,0.1,2.1530085,0.15242133,1.2501958,0.39524381,0,2.3746547
16.867735,2.832055,0.16190801,0.31103973,0.13665418,0.0084086608,0.87398451,1.4730772,0.01,44.592478,73.251433,0,2.3084993,1,0.1,2.155875,0.15262426,1.2497102,0.39717831,0,2.3596205
16.905812,2.8229179,0.15878017,0.31175338,0.13683531,0.0084412181,0.8558524,1.4723843,0.01,44.651226,73.340972,0,2.3115852,1,0.1,2.1587569,0.15282828,1.2493356,0.39920236,0,2.3444083
16.943888,2.8138118,0.15566852,0.31246685,0.13701736,0.0084759231,0.83782014,1.4716129,0.01,44.709721,73.429927,0,2.3146883,1,0.1,2.1616548,0.15303344,1.2490758,0.40132033,0,2.3290087
16.981964,2.8047365,0.15257317,0.3131802,0.13720039,0.0085128839,0.81988879,1.4707592,0.01,44.767963,73.518293,0,2.3178094,1,0.1,2.1645696,0.15323979,1.2489346,0.40353694,0,2.3134118
17.02004,2.7956921,0.14949429,0.31389351,0.13738442,0.0085522153,0.80205945,1.4698196,0.01,44.825951,73.60606,0,2.3209494,1,0.1,2.167502,0.15344739,1.2489161,0.40585713,0,2.2976072
17.058116,2.7866786,0.14643202,0.31460684,0.13756952,0.0085940413,0.7843333,1.4687901,0.01,44.883685,73.693221,0,2.3241091,1,0.1,2.1704528,0.15365629,1.2490247,0.40828626,0,2.281584
17.096192,2.7776958,0.14338654,0.31532028,0.13775572,0.0086384933,0.76671157,1.4676663,0.01,44.941163,73.779767,0,2.3272896,1,0.1,2.173423,0.15386656,1.2492646,0.41082996,0,2.2653304
17.134269,2.7687437,0.140358,0.31603388,0.13794309,0.0086857138,0.74919559,1.4664438,0.01,44.998385,73.865689,0,2.3304917,1,0.1,2.1764134,0.15407827,1.2496406,0.4134943,0,2.2488342
17.172345,2.7598223,0.1373466,0.31674775,0.13813167,0.0087358543,0.73178675,1.4651181,0.01,45.055349,73.950978,0,2.3337165,1,0.1,2.179425,0.15429147,1.2501573,0.41628569,0,2.2320822
17.210421,2.7509317,0.13435253,0.31746195,0.13832153,0.0087890788,0.71448655,1.4636841,0.01,45.112056,74.035623,0,2.3369651,1,0.1,2.1824588,0.15450625,1.2508199,0.41921108,0,2.2150609
17.248497,2.7420716,0.13137601,0.31817657,0.13851272,0.0088455624,0.69729656,1.4621367,0.01,45.168503,74.119615,0,2.3402387,1,0.1,2.185516,0.15472268,1.2516334,0.4222778,0,2.1977556
17.286573,2.7332422,0.12841724,0.3188917,0.13870532,0.0089054947,0.68021844,1.4604704,0.01,45.22469,74.202942,0,2.3435385,1,0.1,2.1885976,0.15494085,1.2526033,0.42549374,0,2.180151
17.324649,2.7244434,0.12547647,0.31960743,0.13889938,0.0089690789,0.66325398,1.4586794,0.01,45.280614,74.285593,0,2.3468658,1,0.1,2.1917049,0.15516083,1.2537351,0.42886734,0,2.1622306
17.362725,2.7156752,0.12255393,0.32032385,0.13909498,0.0090365344,0.64640506,1.4567576,0.01,45.336276,74.367554,0,2.3502219,1,0.1,2.1948392,0.15538272,1.2550345,0.43240759,0,2.1439773
17.400802,2.7069377,0.1196499,0.32104107,0.13929221,0.0091080982,0.62967367,1.4546984,0.01,45.391673,74.448814,0,2.3536084,1,0.1,2.1980017,0.15560661,1.2565075,0.43612421,0,2.1253728
17.438878,2.6982307,0.11676466,0.32175918,0.13949113,0.0091840254,0.61306195,1.4524952,0.01,45.446804,74.529357,0,2.3570266,1,0.1,2.201194,0.1558326,1.2581602,0.44002751,0,2.1063975
17.476954,2.6895543,0.11389849,0.32247828,0.13969183,0.0092645928,0.59657215,1.4501405,0.01,45.501667,74.609171,0,2.3604784,1,0.1,2.2044176,0.15606082,1.259999,0.44412862,0,2.0870312
17.51503,2.6809086,0.11105171,0.32319849,0.13989441,0.0093500988,0.58020667,1.4476267,0.01,45.55626,74.688239,0,2.3639654,1,0.1,2.207674,0.15629135,1.2620301,0.44843945,0,2.0672521
17.553106,2.6722935,0.10822467,0.32391992,0.14009895,0.0094408665,0.56396806,1.4449457,0.01,45.610582,74.766546,0,2.3674894,1,0.1,2.2109651,0.15652434,1.2642602,0.45297277,0,2.0470372
17.591182,2.6637091,0.1054177,0.32464267,0.14030557,0.0095372471,0.54785902,1.4420888,0.01,45.66463,74.844074,0,2.3710524,1,0.1,2.2142925,0.1567599,1.2666961,0.4577423,0,2.0263622
17.629259,2.6551554,0.10263119,0.32536688,0.14051437,0.0096396202,0.53188243,1.4390468,0.01,45.718402,74.920806,0,2.3746565,1,0.1,2.2176583,0.15699818,1.2693442,0.46276277,0,2.0052015
17.667335,2.6466324,0.099865547,0.32609267,0.14072546,0.009748398,0.51604135,1.43581,0.01,45.771896,74.996722,0,2.3783038,1,0.1,2.2210645,0.15723932,1.2722115,0.46804995,0,1.9835278
17.705411,2.6381403,0.097121183,0.32682015,0.14093896,0.009864029,0.50033904,1.4323678,0.01,45.825109,75.071802,0,2.3819968,1,0.1,2.2245133,0.15748348,1.2753047,0.47362084,0,1.9613126
17.743487,2.6296791,0.094398556,0.32754947,0.14115501,0.0099870001,0.48477896,1.4287094,0.01,45.878039,75.146026,0,2.3857378,1,0.1,2.228007,0.15773082,1.2786304,0.47949364,0,1.9385256
17.781563,2.6212489,0.091698145,0.32828076,0.14137375,0.010117841,0.46936477,1.4248228,0.01,45.930682,75.21937,0,2.3895297,1,0.1,2.2315482,0.15798151,1.282195,0.4856879,0,1.9151349
17.819639,2.6128497,0.089020461,0.32901415,0.14159531,0.010257129,0.45410038,1.4206957,0.01,45.983036,75.291812,0,2.3933751,1,0.1,2.2351394,0.15823575,1.2860046,0.49222458,0,1.891107
17.857715,2.6044818,0.086366048,0.32974979,0.14181986,0.010405492,0.43898995,1.4163145,0.01,46.035097,75.363327,0,2.3972772,1,0.1,2.2387835,0.15849373,1.2900651,0.4991262,0,1.8664069
17.895792,2.5961451,0.083735481,0.33048782,0.14204757,0.010563615,0.42403789,1.4116652,0.01,46.086862,75.433887,0,2.4012392,1,0.1,2.2424835,0.15875568,1.2943816,0.50641685,0,1.8409976
17.933868,2.5878399,0.081129373,0.33122839,0.14227861,0.010732245,0.40924887,1.4067324,0.01,46.138328,75.503466,0,2.4052645,1,0.1,2.2462427,0.1590218,1.2989584,0.51412234,0,1.8148409
17.971944,2.5795663,0.078548375,0.33197165,0.14251317,0.010912197,0.39462787,1.4015,0.01,46.18949,75.572035,0,2.4093567,1,0.1,2.2500644,0.15929236,1.3037992,0.52227024,0,1.7878964
18.01002,2.5713244,0.075993179,0.33271775,0.14275145,0.01110436,0.38018016,1.3959508,0.01,46.240345,75.639562,0,2.4135199,1,0.1,2.2539523,0.1595676,1.3089062,0.53089003,0,1.7601229
18.048096,2.5631146,0.073464518,0.33346685,0.14299367,0.011309707,0.36591132,1.3900662,0.01,46.290888,75.706015,0,2.4177581,1,0.1,2.2579103,0.15984781,1.3142803,0.54001309,0,1.7314775
18.086172,2.554937,0.07096317,0.33421909,0.14324006,0.011529296,0.35182726,1.3838267,0.01,46.341115,75.771361,0,2.4220759,1,0.1,2.2619426,0.16013328,1.3199204,0.54967281,0,1.7019163
18.124248,2.5467918,0.068489962,0.33497462,0.14349086,0.011764286,0.33793422,1.3772114,0.01,46.39102,75.835563,0,2.426478,1,0.1,2.2660537,0.16042431,1.3258233,0.55990455,0,1.6713945
18.162325,2.5386795,0.066045767,0.3357336,0.14374634,0.012015941,0.3242388,1.3701978,0.01,46.4406,75.898584,0,2.4309694,1,0.1,2.2702481,0.16072126,1.3319831,0.57074568,0,1.639867
18.200401,2.5306001,0.063631509,0.33649617,0.14400678,0.012285639,0.31074793,1.3627622,0.01,46.489848,75.960386,0,2.4355555,1,0.1,2.274531,0.16102446,1.3383906,0.5822355,0,1.6072885
18.238477,2.5225542,0.061248166,0.33726247,0.14427246,0.012574885,0.2974689,1.3548794,0.01,46.53876,76.020927,0,2.440242,1,0.1,2.2789077,0.16133431,1.3450329,0.59441515,0,1.5736148
18.276553,2.5145421,0.058896768,0.33803262,0.14454371,0.012885318,0.28440937,1.3465224,0.01,46.587329,76.080165,0,2.445035,1,0.1,2.2833838,0.16165119,1.3518926,0.60732739,0,1.5388025
18.314629,2.5065641,0.056578401,0.33880675,0.14482087,0.013218723,0.27157729,1.3376627,0.01,46.635549,76.138056,0,2.4499409,1,0.1,2.2879654,0.16197555,1.358947,0.62101636,0,1.5028111
18.352705,2.4986209,0.054294202,0.33958496,0.14510428,0.013577041,0.25898097,1.3282701,0.01,46.683415,76.194554,0,2.4549665,1,0.1,2.2926587,0.16230781,1.3661674,0.6355272,0,1.4656032
18.390782,2.4907128,0.052045367,0.34036733,0.14539432,0.013962381,0.24662901,1.3183127,0.01,46.73092,76.249612,0,2.4601189,1,0.1,2.2974705,0.16264845,1.373518,0.65090554,0,1.4271461
18.428858,2.4828405,0.049833142,0.34115393,0.14569138,0.014377028,0.23453026,1.3077568,0.01,46.778058,76.303182,0,2.4654056,1,0.1,2.3024077,0.16299798,1.3809554,0.66719683,0,1.3874136
18.466934,2.4750046,0.047658822,0.34194478,0.14599589,0.014823457,0.22269378,1.296567,0.01,46.824821,76.355216,0,2.4708345,1,0.1,2.3074776,0.1633569,1.3884269,0.68444555,0,1.3463871
18.50501,2.4672058,0.04552375,0.3427399,0.14630829,0.015304339,0.21112878,1.2847064,0.01,46.871203,76.405663,0,2.4764136,1,0.1,2.3126878,0.16372576,1.3958703,0.70269412,0,1.304058
18.543086,2.4594447,0.04342931,0.34353924,0.14662901,0.015822553,0.19984454,1.2721364,0.01,46.917198,76.454475,0,2.4821513,1,0.1,2.3180462,0.1641051,1.4032122,0.72198178,0,1.2604298
18.581162,2.4517223,0.04137692,0.34434273,0.14695856,0.016381194,0.18885033,1.2588171,0.01,46.962798,76.501603,0,2.4880564,1,0.1,2.3235609,0.16449551,1.4103675,0.74234302,0,1.2155201
18.619238,2.4440394,0.039368022,0.34515023,0.1472974,0.016983583,0.17815526,1.2447074,0.01,47.007996,76.546997,0,2.4941376,1,0.1,2.32924,0.16489757,1.4172387,0.76380599,0,1.169363
18.657315,2.4363969,0.037404073,0.34596155,0.14764604,0.017633273,0.16776821,1.2297652,0.01,47.052786,76.590611,0,2.5004038,1,0.1,2.3350919,0.16531185,1.423715,0.78639063,0,1.1220117
18.695391,2.428796,0.03548653,0.34677642,0.148005,0.018334062,0.15769765,1.213948,0.01,47.097162,76.632402,0,2.5068638,1,0.1,2.3411249,0.16573895,1.4296722,0.81010657,0,1.0735404
18.733467,2.4212378,0.033616836,0.34759451,0.14837479,0.019090002,0.1479515,1.1972131,0.01,47.141117,76.672329,0,2.5135265,1,0.1,2.347347,0.16617944,1.4349729,0.83495102,0,1.0240466
18.771543,2.4137235,0.0317964,0.34841541,0.14875592,0.019905419,0.13853697,1.1795182,0.01,47.184645,76.710354,0,2.5204001,1,0.1,2.3537662,0.16663389,1.4394666,0.86090653,0,0.97365241
18.809619,2.4062545,0.030026582,0.34923861,0.1491489,0.02078493,0.12946041,1.160822,0.01,47.22774,76.746446,0,2.5274929,1,0.1,2.3603901,0.16710282,1.442991,0.88793877,0,0.92250563
18.847695,2.3988323,0.028308667,0.3500635,0.14955421,0.02173348,0.12072713,1.1410849,0.01,47.270399,76.78058,0,2.5348122,1,0.1,2.3672255,0.16758673,1.4453731,0.91599452,0,0.87077993
18.885772,2.3914584,0.02664385,0.35088938,0.14997233,0.022756384,0.11234128,1.1202697,0.01,47.312615,76.812738,0,2.5423647,1,0.1,2.3742786,0.16808606,1.4464313,0.94499993,0,0.81867419
18.923848,2.3841345,0.025033206,0.35171545,0.15040368,0.023859394,0.10430572,1.0983424,0.01,47.354385,76.842908,0,2.5501561,1,0.1,2.3815549,0.16860118,1.4459776,0.97485914,0,0.76641073
18.961924,2.3768624,0.023477677,0.35254078,0.15084864,0.025048781,0.096621909,1.0752732,0.01,47.395704,76.87109,0,2.558191,1,0.1,2.3890586,0.1691324,1.4438203,1.0054533,0,0.71423253
19,2.3696443,0.021978047,0.35336434,0.15130755,0.026331458,0.089289891,1.0510372,0.01,47.43657,76.897292,0,2.5664727,1,0.1,2.3967927,0.16967993,1.4397666,1.0366404,0,0.66239935
