rock,feature,n_runs,rmse_original,rmse_normalized
Calcite,pH,988,0.030253563281905666,0.05923131550884229
Calcite,Ptot_atm,988,0.030470196916041237,0.0096011733687014
Calcite,pH2_atm,988,0.019983293990283545,0.20704146198259912
Calcite,pCO2_atm,988,0.3879127438086022,0.14505971267242046
Calcite,pCH4_atm,988,0.4439004459394123,0.03899589148820494
Calcite,H2_g_mol,988,0.06841537102421337,0.03246748622575662
Calcite,CO2_g_mol,988,0.40146029181113857,0.04217672725283871
Calcite,CH4_g_mol,988,3.6828360534361835,0.09519103646140939
Calcite,SO4_mol,988,0.00023440213288187712,0.016271746649258966
Calcite,Formate,988,2.0696216604252295e-05,0.10157691939451736
Calcite,Acetate,988,3.51513692888569e-11,0.13528201447867777
Calcite,Ca_mol,988,0.00021608691292787586,0.0736685061217949
Calcite,Fe_mol,988,2.544594919735535e-11,0.06438911543044197
Calcite,X_SRB_mol,988,3.650373374943478e-11,0.015518907843725043
Calcite,X_IRB_mol,988,1.9139188547009061e-10,0.06623417077120888
Calcite,X_SRB_mol_per_L,988,6.78067186531314e-11,0.1120780554460973
Calcite,Fe(OH)3,988,2.0288727775656485e-08,0.0070512205432475186
Calcite,SR_H2,988,0.0005242082214958309,0.007050858371650894
Calcite,SR_FOR,988,0.0005242183975016827,0.007051011369065224
Calcite,SR_AC,988,0.0005242083245498865,0.00705086239758665
Calcite,IR_H2,988,4.057200411503956e-12,0.007050789761221204
Calcite,IR_AC,988,4.057478330016022e-12,0.007051271971177126
Calcite,IR_FOR,988,4.057426129119619e-12,0.007051182158061216
Calcite,Water_VOL,988,0.3037153239560334,0.020871038513654315
Calcite,Gas_VOL,988,1.4720805420733096,0.01974896579788987
Calcite,HS-_mol,988,1.3670625360785828e-05,0.09720122804698464
Calcite,HCO3_mol,988,0.001108487133067829,0.02502997103924541
Calcite,Na_tot,988,0.02493410008815966,0.021975730611180806
Calcite,Mg_tot,988,3.0181949732175497e-05,0.025781622364136007
Calcite,Cl_tot,988,0.024938777589553002,0.02197985308266248
Calcite,Ca_tot,988,0.0002160879555058123,0.0736688613267189
Calcite,S6_tot,988,0.00023439804958359645,0.01627146351148572
Dolomite,pH,988,0.031598951203792164,0.06186535762317116
Dolomite,Ptot_atm,988,0.03137180763734193,0.009885314980902572
Dolomite,pH2_atm,988,0.016185395390507982,0.16306717945195912
Dolomite,pCO2_atm,988,0.15882689897181154,0.05939321352307203
Dolomite,pCH4_atm,988,0.31482124225248204,0.026617190998399064
Dolomite,H2_g_mol,988,0.05944033802426099,0.029777607775552863
Dolomite,CO2_g_mol,988,0.35563542373626206,0.03795443489461897
Dolomite,CH4_g_mol,988,3.8041609429942556,0.09269619212146483
Dolomite,SO4_mol,988,0.0002420933610762385,0.016805656753490664
Dolomite,Formate,988,2.15872514733151e-05,0.1059512451298703
Dolomite,Acetate,988,3.4222862213032253e-11,0.1317086051679731
Dolomite,Ca_mol,988,0.0001347939359833478,0.045954045504435596
Dolomite,Fe_mol,988,3.054366506228999e-11,0.07728836476365183
Dolomite,X_SRB_mol,988,3.774310845577908e-11,0.016045806012615807
Dolomite,X_IRB_mol,988,1.3183889449258272e-10,0.0456249221633594
Dolomite,X_SRB_mol_per_L,988,6.872644525219616e-11,0.11359827537017259
Dolomite,Fe(OH)3,988,2.098975820249757e-08,0.007294993080523309
Dolomite,SR_H2,988,0.0005465045254333692,0.0072943542781842225
Dolomite,SR_FOR,988,0.00054653077847582,0.00729464972410746
Dolomite,SR_AC,988,0.0005465075739269985,0.007294388545591125
Dolomite,IR_H2,988,4.197318839173931e-12,0.007294240713447164
Dolomite,IR_AC,988,4.1977981993766e-12,0.007295071445927094
Dolomite,IR_FOR,988,4.19771918640849e-12,0.007294936354096963
Dolomite,Water_VOL,988,0.3052002034229337,0.020973077615745142
Dolomite,Gas_VOL,988,1.4563089723600524,0.019537379554883556
Dolomite,HS-_mol,988,1.755115080121133e-05,0.12476456378296916
Dolomite,HCO3_mol,988,0.0011095429782737275,0.02505381250798358
Dolomite,Na_tot,988,0.022944813403496866,0.020222468133149086
Dolomite,Mg_tot,988,0.0001298512983319254,0.1109198431560969
Dolomite,Cl_tot,988,0.022931023824413567,0.02021031462663784
Dolomite,Ca_tot,988,0.00013482357035891798,0.045964148367219376
Dolomite,S6_tot,988,0.00024209289420342952,0.016805624117131077
Halite,pH,942,0.034137282828898656,0.066834977542632
Halite,Ptot_atm,942,0.02845559667022114,0.008966412070550978
Halite,pH2_atm,942,0.002970330788555644,0.027418965915984854
Halite,pCO2_atm,942,0.057598417380200474,0.02153888944039869
Halite,pCH4_atm,942,0.21234844984140497,0.017700536248959516
Halite,H2_g_mol,942,0.21780593969609888,0.0277322870648217
Halite,CO2_g_mol,942,1.0729686154513745,0.028616022590821247
Halite,CH4_g_mol,942,10.088094590298397,0.02073484684160192
Halite,SO4_mol,942,0.0002509654572263723,0.01742154137280888
Halite,Formate,942,6.876295211616836e-06,0.033741431148661426
Halite,Acetate,942,3.0256357537747827e-11,0.11644328914646895
Halite,Ca_mol,942,5.419364883318324e-05,0.01847573782102063
Halite,Fe_mol,942,1.4065688285727542e-11,0.035590434429865196
Halite,X_SRB_mol,942,4.1724881330480374e-11,0.01773858558802571
Halite,X_IRB_mol,942,5.7705311512789484e-11,0.019969830190466498
Halite,X_SRB_mol_per_L,942,6.223882433018861e-11,0.10287485552659352
Halite,Fe(OH)3,942,1.885410877623295e-08,0.0065528011031002805
Halite,SR_H2,942,0.0004959414009323981,0.006552521208161814
Halite,SR_FOR,942,0.0004959531497636212,0.006552664806063745
Halite,SR_AC,942,0.0004959436722438863,0.006552550168070173
Halite,IR_H2,942,3.770513437062732e-12,0.006552475552040443
Halite,IR_AC,942,3.770722361995199e-12,0.006552839000528776
Halite,IR_FOR,942,3.770693718033937e-12,0.006552790207833967
Halite,Water_VOL,942,0.4220317966780175,0.029001637583915787
Halite,Gas_VOL,942,1.848629042326145,0.02480062121596903
Halite,HS-_mol,942,1.2133456370753143e-05,0.0863125514741781
Halite,HCO3_mol,942,0.0010650906411401823,0.024050065865067163
Halite,Na_tot,942,0.04894804297028004,0.043140478902330144
Halite,Mg_tot,942,2.0767276405665313e-05,0.017739545839239333
Halite,Cl_tot,942,0.04894706011428297,0.04313961254203572
Halite,Ca_tot,942,5.4217818024764306e-05,0.018483977658121396
Halite,S6_tot,942,0.0002509782150647229,0.017422426883623585
Trona,pH,990,0.041092013047661656,0.08045115087950228
Trona,Ptot_atm,990,0.028498652319266782,0.008980001647988853
Trona,pH2_atm,990,0.017574191189486207,0.18264197989414124
Trona,pCO2_atm,990,0.145716591131555,0.054490622418767704
Trona,pCH4_atm,990,0.3013155084850822,0.02532785897222764
Trona,H2_g_mol,990,0.05893881360461632,0.029462567597429688
Trona,CO2_g_mol,990,0.36468716814189706,0.037934813572217146
Trona,CH4_g_mol,990,3.462283670894201,0.09041403608594321
Trona,SO4_mol,990,0.00024392990583369697,0.016933147174342633
Trona,Formate,990,1.6315650061515846e-05,0.0800733414530564
Trona,Acetate,990,2.5437625146581953e-11,0.09789812652718857
Trona,Ca_mol,990,6.926422919525282e-05,0.023613611197789857
Trona,Fe_mol,990,1.0674734466208017e-11,0.02700982483940435
Trona,X_SRB_mol,990,3.783002562903574e-11,0.016082757137397628
Trona,X_IRB_mol,990,1.145981966902412e-10,0.0396585079049475
Trona,X_SRB_mol_per_L,990,8.08673504218337e-11,0.13366603790827378
Trona,Fe(OH)3,990,1.8762174159479925e-08,0.00652091119854082
Trona,SR_H2,990,0.0004813858686465174,0.006520483525300106
Trona,SR_FOR,990,0.0004814004886135202,0.0065206694669524895
Trona,SR_AC,990,0.00048138802576662665,0.006520511113963767
Trona,IR_H2,990,3.752070111235807e-12,0.006520413441926822
Trona,IR_AC,990,3.752388924343378e-12,0.006520967197969883
Trona,IR_FOR,990,3.752331982688077e-12,0.006520868734513955
Trona,Water_VOL,990,0.29726789740196546,0.02042797624996995
Trona,Gas_VOL,990,1.400386996626997,0.01878714773196777
Trona,HS-_mol,990,1.954639707386225e-05,0.1388559911128489
Trona,HCO3_mol,990,0.0012335216397538445,0.027853288187284584
Trona,Na_tot,990,0.02342873023015787,0.020648969143266558
Trona,Mg_tot,990,3.112514274255022e-05,0.026587304036977264
Trona,Cl_tot,990,0.023425681868540073,0.020646282441371726
Trona,Ca_tot,990,6.927892548410977e-05,0.023618621514000744
Trona,S6_tot,990,0.00024393454323890786,0.01693346930752047
