rock,feature,n_runs,original_p1,original_p25,original_p50,original_p75,original_p95,original_p99,original_max,normalized_p1,normalized_p25,normalized_p50,normalized_p75,normalized_p95,normalized_p99,normalized_max
Calcite,pH,988,2.6012556545e-03,6.2815286244e-03,9.7488887574e-03,1.5209375477e-02,4.9261150741e-02,1.3396599303e-01,3.3798079977e-01,5.0928137737e-03,1.2298174159e-02,1.9086683950e-02,2.9777330844e-02,9.6444917958e-02,2.6228250947e-01,6.6170874969e-01
Calcite,Ptot_atm,988,9.0606892560e-03,1.7767303951e-02,2.3379800505e-02,3.2630305820e-02,5.2773328233e-02,7.5176776909e-02,1.4998952116e-01,2.8549605170e-03,5.5984761804e-03,7.3668509719e-03,1.0281689963e-02,1.6628821482e-02,2.3688032723e-02,4.7262386837e-02
Calcite,pH2_atm,988,4.8930966113e-04,1.0346485765e-03,1.5890807615e-03,2.5921674315e-03,1.0626909276e-02,7.6327218286e-02,3.0630248352e-01,4.9224996576e-03,9.9017982963e-03,1.4843225802e-02,2.3828516149e-02,9.7334080116e-02,7.4490134816e-01,3.5081296905e+00
Calcite,pCO2_atm,988,1.5913204137e-02,3.3249221590e-02,5.1677569503e-02,8.1967690454e-02,2.3696695140e-01,5.6305119560e-01,1.0468145435e+01,5.9507310980e-03,1.2433525639e-02,1.9324794694e-02,3.0651760105e-02,8.8613629726e-02,2.1055261988e-01,3.9145560260e+00
Calcite,pCH4_atm,988,4.5466783045e-02,1.0577125055e-01,1.6061057178e-01,2.5312109975e-01,4.5327749719e-01,9.3864797580e-01,9.2799863029e+00,4.1868492008e-03,9.3865160823e-03,1.3842944848e-02,2.1001438965e-02,3.7080852779e-02,7.8241656875e-02,8.1047535075e-01
Calcite,H2_g_mol,988,8.3729014314e-03,2.3654281792e-02,4.2893840756e-02,7.0199372701e-02,1.3838782989e-01,2.0400852296e-01,3.7046055746e-01,5.1696374371e-03,1.3118136951e-02,2.1209771662e-02,3.4972257948e-02,6.3439282758e-02,9.3811210231e-02,1.4829041660e-01
Calcite,CO2_g_mol,988,1.7117033780e-02,7.5012213900e-02,1.5853505189e-01,3.2525161674e-01,8.2601542440e-01,1.4210751456e+00,2.7613831205e+00,5.2603826219e-03,1.3741952945e-02,2.3076767100e-02,3.8412928414e-02,8.1637471097e-02,1.3837144162e-01,2.8685268477e-01
Calcite,CH4_g_mol,988,3.4525881984e-01,1.2484356448e+00,1.9802460397e+00,3.5174920966e+00,7.4439137179e+00,1.1458196519e+01,2.3653258974e+01,5.9466635336e-03,1.4954461930e-02,2.5071336159e-02,4.3643907829e-02,1.6613736229e-01,4.4570356408e-01,1.0053449157e+00
Calcite,SO4_mol,988,6.1996945006e-05,1.2397233806e-04,1.7632216320e-04,2.4954835446e-04,4.2719314145e-04,5.6001132154e-04,1.2198275654e-03,4.3037110348e-03,8.6059222173e-03,1.2239944106e-02,1.7323165503e-02,2.9654925774e-02,3.8874916453e-02,8.4678089929e-02
Calcite,Formate,988,1.2597941418e-06,2.3997581071e-06,3.2838888122e-06,4.8267751407e-06,1.1766370665e-05,6.3074631179e-05,4.3724061908e-04,6.1844310656e-03,1.1777449434e-02,1.6117799646e-02,2.3687867885e-02,5.7739653885e-02,3.0956694337e-01,2.1461062132e+00
Calcite,Acetate,988,1.4154476479e-12,2.7266379542e-12,3.9607917102e-12,6.3359516598e-12,1.7840260155e-11,8.9935417321e-11,5.8881341265e-10,5.4474290767e-03,1.0493619386e-02,1.5243328311e-02,2.4384267459e-02,6.8659242678e-02,3.4612147664e-01,2.2660814546e+00
Calcite,Ca_mol,988,1.8983312927e-05,4.6143672360e-05,8.2000034674e-05,1.6217109703e-04,3.9052516799e-04,8.8195556852e-04,1.6896047891e-03,6.4718038927e-03,1.5731328416e-02,2.7955510371e-02,5.5287484440e-02,1.3313811301e-01,3.0067692697e-01,5.7602127831e-01
Calcite,Fe_mol,988,2.1353700481e-12,6.0242669752e-12,1.0992635342e-11,2.0198260307e-11,4.7216365021e-11,9.5783171153e-11,2.0390212918e-10,5.3965940180e-03,1.5261350100e-02,2.7795736270e-02,5.1115126298e-02,1.1948039253e-01,2.4236286660e-01,5.1594729984e-01
Calcite,X_SRB_mol,988,1.1050269185e-11,2.0024397046e-11,2.7388607141e-11,3.7035995173e-11,6.4333594740e-11,1.0356931188e-10,1.4250020933e-10,4.6978260013e-03,8.5130219365e-03,1.1643767284e-02,1.5745188199e-02,2.7350273352e-02,4.4030626880e-02,6.0581405141e-02
Calcite,X_IRB_mol,988,1.1399381687e-11,2.6426829376e-11,3.9755447719e-11,6.3689422366e-11,1.4038825605e-10,3.2000338206e-10,4.0358938955e-09,3.9449329343e-03,9.1454122736e-03,1.3757994702e-02,2.2040721580e-02,4.8583561828e-02,1.1074219771e-01,1.3966845286e+00
Calcite,X_SRB_mol_per_L,988,2.9336780771e-12,6.8113001710e-12,1.0192284691e-11,1.5707939592e-11,4.3762946838e-11,2.7489025755e-10,1.0757732698e-09,4.8490912311e-03,1.1258431554e-02,1.6846877442e-02,2.5963727814e-02,7.2335989372e-02,4.5436744320e-01,1.7781508805e+00
Calcite,Fe(OH)3,988,6.2205224483e-09,1.2179307202e-08,1.5797331802e-08,2.0953360374e-08,3.5904495587e-08,5.1968752337e-08,8.8992909387e-08,2.1622260736e-03,4.2330211781e-03,5.4899461758e-03,7.2823943852e-03,1.2478295266e-02,1.8061398546e-02,3.0930721248e-02
Calcite,SR_H2,988,1.5942246562e-04,3.0154151171e-04,3.9363369891e-04,5.3070032636e-04,9.5832101669e-04,1.4124605990e-03,2.4668087146e-03,2.1627560373e-03,4.2337002352e-03,5.4898027897e-03,7.2830305949e-03,1.2477512224e-02,1.8061867536e-02,3.0912766552e-02
Calcite,SR_FOR,988,1.5941043533e-04,3.0159676442e-04,3.9368458341e-04,5.3068083251e-04,9.5824809435e-04,1.4125275703e-03,2.4675592753e-03,2.1623773326e-03,4.2333648342e-03,5.4899478622e-03,7.2828792025e-03,1.2477363867e-02,1.8062451965e-02,3.0922175637e-02
Calcite,SR_AC,988,1.5942358519e-04,3.0154428836e-04,3.9364093508e-04,5.3069841786e-04,9.5830509145e-04,1.4124827462e-03,2.4669171883e-03,2.1626546094e-03,4.2336780337e-03,5.4899255612e-03,7.2829495576e-03,1.2477335685e-02,1.8062099213e-02,3.0914176394e-02
Calcite,IR_H2,988,1.2446402757e-12,2.4363548477e-12,3.1586925834e-12,4.1909807571e-12,7.1797329282e-12,1.0393199125e-11,1.7786698039e-11,2.1627766811e-03,4.2338502663e-03,5.4895471367e-03,7.2831951266e-03,1.2477353039e-02,1.8061903101e-02,3.0909724835e-02
Calcite,IR_AC,988,1.2443352290e-12,2.4358880306e-12,3.1589539778e-12,4.1903861007e-12,7.1804141016e-12,1.0392692478e-11,1.7799969025e-11,2.1622420488e-03,4.2330165469e-03,5.4898976198e-03,7.2821608092e-03,1.2478542370e-02,1.8061093281e-02,3.0932736796e-02
Calcite,IR_FOR,988,1.2443224368e-12,2.4359512994e-12,3.1590496400e-12,4.1904672757e-12,7.1801005539e-12,1.0393133398e-11,1.7798202466e-11,2.1621931680e-03,4.2331098003e-03,5.4900623278e-03,7.2823251934e-03,1.2477975949e-02,1.8061861335e-02,3.0929733041e-02
Calcite,Water_VOL,988,8.3380944029e-02,1.6279095265e-01,2.3248347911e-01,3.3741889692e-01,5.5242097183e-01,6.9898312082e-01,1.0660809353e+00,5.7298738198e-03,1.1186831997e-02,1.5976056521e-02,2.3187110881e-02,3.7961859860e-02,4.8033470524e-02,7.3260096085e-02
Calcite,Gas_VOL,988,2.4781733571e-01,6.4788518440e-01,1.0083388136e+00,1.6044002991e+00,2.7391631636e+00,3.9069284038e+00,7.6738616512e+00,3.3246366698e-03,8.6918231893e-03,1.3527550594e-02,2.1524125485e-02,3.6747742228e-02,5.2414113501e-02,1.0295008997e-01
Calcite,HS-_mol,988,8.1612108458e-07,1.9195825038e-06,2.9065191189e-06,4.9143375846e-06,1.4803522948e-05,5.1768323602e-05,2.3649253647e-04,5.8065866271e-03,1.3657345688e-02,2.0678945015e-02,3.4965321778e-02,1.0532278293e-01,3.6803277058e-01,1.6815805975e+00
Calcite,HCO3_mol,988,2.3015493252e-04,5.1839382928e-04,7.4919559367e-04,1.1492851398e-03,1.9215149126e-03,3.1258059214e-03,6.0262871507e-03,5.1969675413e-03,1.1705498757e-02,1.6917060780e-02,2.5951197524e-02,4.3388380484e-02,7.0581630826e-02,1.3607537176e-01
Calcite,Na_tot,988,5.5791861660e-03,1.2265421030e-02,1.8149856301e-02,2.6832173053e-02,4.4846948715e-02,6.9171430018e-02,9.9639601039e-02,4.9172298313e-03,1.0810157228e-02,1.5996419958e-02,2.3648602710e-02,3.9525967916e-02,6.0964417527e-02,8.7817610300e-02
Calcite,Mg_tot,988,6.8852508051e-06,1.4619208546e-05,2.0961908485e-05,3.0427672933e-05,5.5393075010e-05,9.8361317270e-05,1.3265272790e-04,5.8814259797e-03,1.2487825017e-02,1.7905802437e-02,2.5991520815e-02,4.7317132852e-02,8.4020892078e-02,1.1331283470e-01
Calcite,Cl_tot,988,5.5326901583e-03,1.2232565565e-02,1.8216387469e-02,2.6896608658e-02,4.4980724491e-02,6.9031396103e-02,9.9605066079e-02,4.8762489146e-03,1.0781202892e-02,1.6055057939e-02,2.3705378707e-02,3.9643876409e-02,6.0840998297e-02,8.7787173277e-02
Calcite,Ca_tot,988,1.8881272576e-05,4.6091243601e-05,8.2046221380e-05,1.6238010346e-04,3.9072746334e-04,8.8134939021e-04,1.6902263043e-03,6.4370164557e-03,1.5713460488e-02,2.7971256509e-02,5.5358735226e-02,1.3320708516e-01,3.0047026807e-01,5.7623315770e-01
Calcite,S6_tot,988,6.2058934260e-05,1.2400633246e-04,1.7636367209e-04,2.4966475602e-04,4.2701416377e-04,5.6021601568e-04,1.2208074368e-03,4.3080115191e-03,8.6083036503e-03,1.2242825480e-02,1.7331254592e-02,2.9642505708e-02,3.8889128140e-02,8.4746112572e-02
Dolomite,pH,988,2.3189069723e-03,6.2355416356e-03,9.9829129991e-03,1.6648195410e-02,5.9768510256e-02,1.4084096573e-01,2.7129085048e-01,4.5400097484e-03,1.2208122611e-02,1.9544845257e-02,3.2594318692e-02,1.1701654579e-01,2.7574261196e-01,5.3114120708e-01
Dolomite,Ptot_atm,988,8.8255973164e-03,1.7737647729e-02,2.4018575835e-02,3.2395962274e-02,5.7309075018e-02,9.4003953026e-02,1.2793967128e-01,2.7808566192e-03,5.5892612483e-03,7.5682240133e-03,1.0207874942e-02,1.8058077622e-02,2.9620544089e-02,4.0313675052e-02
Dolomite,pH2_atm,988,5.2959456117e-04,1.1096525210e-03,1.6452043159e-03,2.6791104874e-03,1.7108085242e-02,8.2667057123e-02,2.0009556934e-01,5.5287519241e-03,1.0444594216e-02,1.5343097820e-02,2.4526224922e-02,1.6060135332e-01,7.8309798749e-01,2.0589322903e+00
Dolomite,pCO2_atm,988,1.3326026634e-02,3.4633088331e-02,5.3013037281e-02,8.4950212425e-02,2.2393767110e-01,6.0908647988e-01,2.2491674217e+00,4.9832638027e-03,1.2951017756e-02,1.9824191933e-02,3.1767081994e-02,8.3741340444e-02,2.2776749147e-01,8.4107466312e-01
Dolomite,pCH4_atm,988,4.9219260832e-02,1.1110463100e-01,1.6304479199e-01,2.4661868120e-01,4.9709652474e-01,1.1201774554e+00,3.4007577651e+00,4.6546488284e-03,1.0106512744e-02,1.4222317372e-02,2.0974475538e-02,4.0961428078e-02,8.6589755464e-02,3.1809787928e-01
Dolomite,H2_g_mol,988,6.5773122814e-03,2.1486126808e-02,3.6772964376e-02,5.8594917599e-02,1.1428177307e-01,1.9428295309e-01,3.0461565142e-01,4.5288474012e-03,1.1582789292e-02,1.9845863111e-02,3.2052840983e-02,5.5913613685e-02,8.2777539557e-02,1.4092416080e-01
Dolomite,CO2_g_mol,988,1.4941782189e-02,7.0013908895e-02,1.4666724589e-01,2.9673045995e-01,7.2133706023e-01,1.2954294943e+00,2.4354716552e+00,4.6363908591e-03,1.2981680972e-02,2.1750087153e-02,3.7418103354e-02,7.7583735435e-02,1.2092907845e-01,2.2357331927e-01
Dolomite,CH4_g_mol,988,2.6220700040e-01,1.1090975607e+00,1.8697791539e+00,3.3004898691e+00,7.3149691538e+00,1.4134018235e+01,2.5217244520e+01,5.7707532578e-03,1.4724710187e-02,2.5807271566e-02,4.6650943289e-02,1.4586145262e-01,4.4139091709e-01,9.2508004304e-01
Dolomite,SO4_mol,988,5.8812073956e-05,1.2443598601e-04,1.8177368243e-04,2.6976351504e-04,4.2957625777e-04,5.9525034284e-04,7.7970899710e-04,4.0826206459e-03,8.6381082519e-03,1.2618382324e-02,1.8726467215e-02,2.9820362317e-02,4.1321136720e-02,5.4125897410e-02
Dolomite,Formate,988,1.2129504908e-06,2.3408649565e-06,3.3477147659e-06,5.0499628225e-06,1.2934350263e-05,6.6890918738e-05,4.8103110627e-04,5.9540903842e-03,1.1490603085e-02,1.6432227512e-02,2.4782407037e-02,6.3459475657e-02,3.2829184906e-01,2.3609621773e+00
Dolomite,Acetate,988,1.4642870477e-12,2.8976743729e-12,4.0194581323e-12,6.1127670414e-12,1.9314415503e-11,7.1353528890e-11,7.4484647033e-10,5.6353917435e-03,1.1151862701e-02,1.5469109825e-02,2.3525327252e-02,7.4332615185e-02,2.7460804624e-01,2.8665834343e+00
Dolomite,Ca_mol,988,1.6956333198e-05,3.9750370548e-05,6.2188105585e-05,9.7647510204e-05,1.9685930183e-04,3.9765806808e-04,1.7138159212e-03,5.7807692457e-03,1.3551724847e-02,2.1201215433e-02,3.3290062767e-02,6.7113412760e-02,1.3556987579e-01,5.8427535195e-01
Dolomite,Fe_mol,988,2.5114888473e-12,7.2367352563e-12,1.1396508588e-11,1.9070825063e-11,4.0326052957e-11,9.8354347515e-11,4.3546622905e-10,6.3289389564e-03,1.8313688174e-02,2.8841527449e-02,4.8267484095e-02,1.0204620854e-01,2.4888065727e-01,1.1019691098e+00
Dolomite,X_SRB_mol,988,1.0259627369e-11,2.0252098453e-11,2.6847027766e-11,3.8924770158e-11,6.7035071678e-11,1.0356743870e-10,1.8784467813e-10,4.3616930352e-03,8.6098191676e-03,1.1413525843e-02,1.6548172736e-02,2.8498763317e-02,4.4029834394e-02,7.9858797856e-02
Dolomite,X_IRB_mol,988,1.2527086969e-11,2.6087631319e-11,3.9158529221e-11,6.1566393572e-11,1.4962623565e-10,4.1564609341e-10,2.1401706180e-09,4.3351998438e-03,9.0280318566e-03,1.3551425861e-02,2.1306018110e-02,5.1780524238e-02,1.4384086984e-01,7.4063969209e-01
Dolomite,X_SRB_mol_per_L,988,2.8405708682e-12,6.9447140282e-12,1.0477424997e-11,1.6429892148e-11,5.8417726180e-11,2.1607318259e-10,1.1107769513e-09,4.6951924355e-03,1.1478952909e-02,1.7318185028e-02,2.7157049221e-02,9.6558949578e-02,3.5714841208e-01,1.8360086121e+00
Dolomite,Fe(OH)3,988,6.1851595815e-09,1.1252073218e-08,1.5159340465e-08,2.0848978360e-08,3.6329131218e-08,6.3855831489e-08,1.0909300555e-07,2.1498717354e-03,3.9099776578e-03,5.2682319395e-03,7.2456440964e-03,1.2627025969e-02,2.2193288699e-02,3.7916941455e-02
Dolomite,SR_H2,988,1.5144366108e-04,2.7353776849e-04,3.7408307035e-04,5.3459861458e-04,9.6426898382e-04,1.7356623298e-03,2.9990015754e-03,2.1505292525e-03,3.9090393338e-03,5.2685679758e-03,7.2489139345e-03,1.2622446965e-02,2.2203676127e-02,3.7907688004e-02
Dolomite,SR_FOR,988,1.5149086833e-04,2.7353345384e-04,3.7409778051e-04,5.3458764443e-04,9.6457983016e-04,1.7365399316e-03,2.9991573143e-03,2.1501353287e-03,3.9095258818e-03,5.2683944856e-03,7.2467717791e-03,1.2624554299e-02,2.2198613212e-02,3.7909581913e-02
Dolomite,SR_AC,988,1.5145488131e-04,2.7353644642e-04,3.7409186692e-04,5.3458413807e-04,9.6432348042e-04,1.7358012514e-03,2.9989848683e-03,2.1504176447e-03,3.9089632983e-03,5.2685820735e-03,7.2484988186e-03,1.2622672451e-02,2.2202852680e-02,3.7907473290e-02
Dolomite,IR_H2,988,1.2375725200e-12,2.2494475173e-12,3.0315356741e-12,4.1714945097e-12,7.2630048669e-12,1.2777497877e-11,2.1812596793e-11,2.1505166883e-03,3.9089843410e-03,5.2685394775e-03,7.2493642306e-03,1.2621619143e-02,2.2205324659e-02,3.7905989396e-02
Dolomite,IR_AC,988,1.2372363499e-12,2.2498285248e-12,3.0313194688e-12,4.1691877049e-12,7.2663862253e-12,1.2770124297e-11,2.1820080396e-11,2.1499100896e-03,3.9100503515e-03,5.2681773124e-03,7.2455037954e-03,1.2627490538e-02,2.2192456353e-02,3.7918968587e-02
Dolomite,IR_FOR,988,1.2372089479e-12,2.2497379057e-12,3.0313720954e-12,4.1692100204e-12,7.2658279181e-12,1.2771032720e-11,2.1817597659e-11,2.1498985296e-03,3.9098656973e-03,5.2682305919e-03,7.2455493423e-03,1.2626482705e-02,2.2194072313e-02,3.7914718432e-02
Dolomite,Water_VOL,988,8.1593329695e-02,1.7367428353e-01,2.4248384885e-01,3.4467831146e-01,5.3028496929e-01,7.3384718400e-01,8.8888889281e-01,5.6070154403e-03,1.1934729605e-02,1.6663242839e-02,2.3685980083e-02,3.6440675511e-02,5.0429307753e-02,6.1083643580e-02
Dolomite,Gas_VOL,988,2.4516080925e-01,6.3374478247e-01,1.0078532630e+00,1.5534768525e+00,2.6783785616e+00,3.8995878767e+00,5.9956570135e+00,3.2889987140e-03,8.5021174177e-03,1.3521040513e-02,2.0840952225e-02,3.5932276885e-02,5.2315634665e-02,8.0435839885e-02
Dolomite,HS-_mol,988,8.4669655675e-07,2.0177595297e-06,3.1586324836e-06,5.2465953654e-06,1.4523492700e-05,5.5196027854e-05,3.1071105486e-04,6.0241050492e-03,1.4356460113e-02,2.2473665997e-02,3.7329416685e-02,1.0330383276e-01,3.9251029035e-01,2.2089941836e+00
Dolomite,HCO3_mol,988,2.2635537385e-04,5.2715470487e-04,7.5836872335e-04,1.1652975995e-03,2.2038927655e-03,3.0478677740e-03,5.7059222785e-03,5.1111718945e-03,1.1903309297e-02,1.7124197002e-02,2.6312769252e-02,4.9764555095e-02,6.8821778064e-02,1.2884143471e-01
Dolomite,Na_tot,988,5.8115657995e-03,1.1485663636e-02,1.6271680741e-02,2.4278713398e-02,4.1775117941e-02,6.3567717927e-02,8.7948215462e-02,5.1220377746e-03,1.0122914591e-02,1.4341084099e-02,2.1398104082e-02,3.6818600213e-02,5.6025567861e-02,7.7513378435e-02
Dolomite,Mg_tot,988,1.0953479776e-05,3.1417138107e-05,5.1336262116e-05,8.4955347893e-05,1.7546683450e-04,3.9695125076e-04,1.7796622454e-03,9.3565348564e-03,2.6836733313e-02,4.3851776241e-02,7.2569402869e-02,1.4988493894e-01,3.3907840410e-01,1.5201993161e+00
Dolomite,Cl_tot,988,5.8039900529e-03,1.1463817590e-02,1.6279016441e-02,2.4291522985e-02,4.1677483751e-02,6.3508108839e-02,8.7735814532e-02,5.1153639682e-03,1.0103667236e-02,1.4347551144e-02,2.1409392144e-02,3.6732545564e-02,5.5973030030e-02,7.7326176248e-02
Dolomite,Ca_tot,988,1.6917732781e-05,3.9668197271e-05,6.2253669279e-05,9.7553329085e-05,1.9700903678e-04,3.9707340440e-04,1.7137758439e-03,5.7676077966e-03,1.3523704641e-02,2.1223564826e-02,3.3257953967e-02,6.7164460522e-02,1.3537054948e-01,5.8426168904e-01
Dolomite,S6_tot,988,5.8778217134e-05,1.2445785110e-04,1.8178411270e-04,2.6969961811e-04,4.2973088022e-04,5.9479266609e-04,7.8002235415e-04,4.0802770623e-03,8.6396330086e-03,1.2619107846e-02,1.8722032714e-02,2.9831091528e-02,4.1289366944e-02,5.4147656060e-02
Halite,pH,942,2.3035039784e-03,5.1168697805e-03,8.1474264784e-03,1.3934145115e-02,4.6938298169e-02,1.9416475204e-01,3.8365392259e-01,4.5098689397e-03,1.0017960165e-02,1.5951272480e-02,2.7280695582e-02,9.1897223905e-02,3.8014146945e-01,7.5112893041e-01
Halite,Ptot_atm,942,8.4480300802e-03,1.5323515810e-02,2.1654086483e-02,3.0239003763e-02,5.0186412720e-02,7.0974545654e-02,1.7172078455e-01,2.6618474899e-03,4.8284165721e-03,6.8231449775e-03,9.5285439121e-03,1.5813580996e-02,2.2364455015e-02,5.4109926428e-02
Halite,pH2_atm,942,6.3402849877e-04,1.7226917229e-03,2.5874433518e-03,3.5291372667e-03,4.7754994249e-03,6.5595305151e-03,1.0102950955e-02,6.5751129413e-03,1.6036013030e-02,2.4115618951e-02,3.2511571574e-02,4.3797209694e-02,6.0184186629e-02,9.2606206984e-02
Halite,pCO2_atm,942,1.4677947736e-02,3.1335368146e-02,4.3481839856e-02,6.2974973850e-02,1.0186174629e-01,1.4211105164e-01,2.9067264521e-01,5.4888108912e-03,1.1717837936e-02,1.6260008515e-02,2.3549470896e-02,3.8091132781e-02,5.3142333221e-02,1.0869676242e-01
Halite,pCH4_atm,942,5.2891267389e-02,1.0724711094e-01,1.4933884011e-01,2.2486374603e-01,3.8014070639e-01,5.2483130723e-01,1.4127259194e+00,4.5177556274e-03,9.7760510470e-03,1.2935229911e-02,1.8786751687e-02,3.1847675103e-02,4.3621505264e-02,9.9287867780e-02
Halite,H2_g_mol,942,2.1111021115e-02,6.9314116019e-02,1.2585012728e-01,2.2491183705e-01,4.3137719087e-01,6.2838757597e-01,1.3924153836e+00,4.9165504247e-03,1.1870598402e-02,1.9833658674e-02,3.1241306665e-02,5.1179943319e-02,6.9174639349e-02,1.3087754124e-01
Halite,CO2_g_mol,942,5.3294126192e-02,2.4912838829e-01,4.9120401408e-01,9.7771029092e-01,2.2742209561e+00,3.9635740448e+00,4.9345784340e+00,4.1846571681e-03,1.0192628669e-02,1.5374586591e-02,2.3448116295e-02,4.7585786816e-02,1.1809462479e-01,2.1734699908e-01
Halite,CH4_g_mol,942,1.2786143339e+00,3.5034971332e+00,5.6419630341e+00,9.1948526847e+00,1.9976281018e+01,3.5001325817e+01,7.3585378101e+01,4.9352202528e-03,9.8096548026e-03,1.4686168454e-02,2.1574941285e-02,3.9379000843e-02,5.6754251406e-02,9.6978396236e-02
Halite,SO4_mol,942,6.3096670622e-05,1.3990496304e-04,1.9576800495e-04,2.6802826218e-04,4.5268836248e-04,6.2729209798e-04,8.9794686867e-04,4.3800486295e-03,9.7119329688e-03,1.3589842364e-02,1.8606011359e-02,3.1424796646e-02,4.3545417402e-02,6.2333741589e-02
Halite,Formate,942,1.5100599031e-06,3.0210631708e-06,4.1058482729e-06,5.6200964781e-06,9.2581395394e-06,1.7153956066e-05,8.6752725819e-05,7.4124729627e-03,1.4829988141e-02,2.0149468247e-02,2.7583423898e-02,4.5443938759e-02,8.4175393544e-02,4.2558036089e-01
Halite,Acetate,942,1.6322946002e-12,2.8437503588e-12,3.9298571662e-12,7.4037659280e-12,3.4076973232e-11,1.3117378272e-10,4.6759575684e-10,6.2819773084e-03,1.0944332536e-02,1.5124275593e-02,2.8493807900e-02,1.3114714477e-01,5.0482965598e-01,1.7995685074e+00
Halite,Ca_mol,942,1.0566074714e-05,2.5804527891e-05,3.9273304191e-05,5.9949701944e-05,1.0088513831e-04,1.3649250267e-04,1.7488975133e-04,3.6021931242e-03,8.7972955885e-03,1.3389079004e-02,2.0438094300e-02,3.4393837564e-02,4.6533124826e-02,5.9623538484e-02
Halite,Fe_mol,942,1.5399307368e-12,3.0485103519e-12,4.3439873751e-12,6.1286292515e-12,1.2155961076e-11,4.2602483104e-11,1.9575767750e-10,3.8889345391e-03,7.6923580932e-03,1.0983026580e-02,1.5508752103e-02,3.0754465553e-02,1.0776851964e-01,4.9536847811e-01
Halite,X_SRB_mol,942,1.1553629523e-11,2.2932543306e-11,3.2711394794e-11,4.6294876134e-11,7.5844444578e-11,1.0143811209e-10,1.2852018174e-10,4.9118172566e-03,9.7493622426e-03,1.3906659344e-02,1.9681438576e-02,3.2243895950e-02,4.3124597314e-02,5.4638048286e-02
Halite,X_IRB_mol,942,1.2093870976e-11,2.8073429326e-11,3.9560554431e-11,5.7210912761e-11,1.0372224871e-10,1.9070245709e-10,2.7110809577e-10,4.1852691929e-03,9.7152562529e-03,1.3690545710e-02,1.9798739197e-02,3.5894715455e-02,6.5995578883e-02,9.3821227016e-02
Halite,X_SRB_mol_per_L,942,4.2080042139e-12,9.0615280391e-12,1.2916334453e-11,2.1237040829e-11,7.1126875039e-11,2.5459600770e-10,8.0135723905e-10,6.9554316292e-03,1.4977844695e-02,2.1349470977e-02,3.5102809779e-02,1.1756596332e-01,4.2082296655e-01,1.3245672811e+00
Halite,Fe(OH)3,942,6.9744104702e-09,1.2379500161e-08,1.5357383830e-08,2.0428786354e-08,3.0824228356e-08,4.6134581971e-08,6.1964045841e-08,2.4238548438e-03,4.3028764187e-03,5.3378355696e-03,7.0993991071e-03,1.0713838764e-02,1.6034297717e-02,2.1536170078e-02
Halite,SR_H2,942,1.8180858060e-04,3.1238517793e-04,3.9291889772e-04,5.2542068763e-04,8.3528310245e-04,1.2594474757e-03,1.7121129341e-03,2.4227135059e-03,4.3033952240e-03,5.3370188746e-03,7.0978316810e-03,1.0716954282e-02,1.6028916028e-02,2.1544020740e-02
Halite,SR_FOR,942,1.8176797554e-04,3.1235731305e-04,3.9300818675e-04,5.2556806132e-04,8.3537613739e-04,1.2596778579e-03,1.7118289374e-03,2.4234445131e-03,4.3032846883e-03,5.3376971574e-03,7.0982234257e-03,1.0715675967e-02,1.6030988119e-02,2.1540537192e-02
Halite,SR_AC,942,1.8180204990e-04,3.1237550504e-04,3.9293373255e-04,5.2544051065e-04,8.3530017694e-04,1.2594766470e-03,1.7120761311e-03,2.4228781414e-03,4.3034775968e-03,5.3370004526e-03,7.0978443672e-03,1.0716697320e-02,1.6029109714e-02,2.1543607704e-02
Halite,IR_H2,942,1.3940048537e-12,2.4765452213e-12,3.0709377126e-12,4.0840133173e-12,6.1668849793e-12,9.2229236136e-12,1.2397946385e-11,2.4225241260e-03,4.3035927756e-03,5.3366294259e-03,7.0975392974e-03,1.0716589831e-02,1.6027921109e-02,2.1545425218e-02
Halite,IR_AC,942,1.3947857384e-12,2.4760116992e-12,3.0716831006e-12,4.0852377170e-12,6.1650534006e-12,9.2270568665e-12,1.2392099199e-11,2.4239019485e-03,4.3026655793e-03,5.3379728841e-03,7.0996928670e-03,1.0713504860e-02,1.6035086812e-02,2.1535231736e-02
Halite,IR_FOR,942,1.3947767572e-12,2.4761843306e-12,3.0714882459e-12,4.0849186215e-12,6.1655707023e-12,9.2261299603e-12,1.2393108687e-11,2.4238632106e-03,4.3029653471e-03,5.3376431520e-03,7.0991199627e-03,1.0714393940e-02,1.6033495734e-02,2.1536966289e-02
Halite,Water_VOL,942,8.5467009141e-02,2.3967296990e-01,3.5621393531e-01,4.8903238512e-01,7.0263139732e-01,9.0742517849e-01,1.6473380875e+00,5.8732183467e-03,1.6470102032e-02,2.4478688699e-02,3.3605861733e-02,4.8284142400e-02,6.2357420720e-02,1.1320357084e-01
Halite,Gas_VOL,942,3.6805263919e-01,9.0938573692e-01,1.3951262308e+00,2.1054643216e+00,3.3099671790e+00,4.7130561366e+00,5.9180111816e+00,4.9376781850e-03,1.2200029512e-02,1.8716574603e-02,2.8246235709e-02,4.4405452440e-02,6.3228866387e-02,7.9394221219e-02
Halite,HS-_mol,942,6.3193487098e-07,1.5579089668e-06,2.4922168426e-06,3.9061228703e-06,9.6409492041e-06,3.8446276067e-05,2.0565320449e-04,4.4962027649e-03,1.1084495672e-02,1.7732173787e-02,2.7792153261e-02,6.8594193688e-02,2.7347599794e-01,1.4629025298e+00
Halite,HCO3_mol,942,2.2961110147e-04,5.4720321308e-04,7.8331988279e-04,1.1373187339e-03,1.9742930913e-03,2.7855155989e-03,4.9841006796e-03,5.1846900007e-03,1.2356007471e-02,1.7687596593e-02,2.5680997939e-02,4.4580131388e-02,6.2897773283e-02,1.1254249088e-01
Halite,Na_tot,942,7.0479393591e-03,1.8967581167e-02,2.7953429812e-02,3.8122846002e-02,9.0941573062e-02,1.8859732697e-01,3.6612714839e-01,6.2117187914e-03,1.6717129499e-02,2.4636841236e-02,3.3599679937e-02,8.0151561971e-02,1.6622073713e-01,3.2268707906e-01
Halite,Mg_tot,942,5.6351233655e-06,1.1178188677e-05,1.5562759056e-05,2.2158577585e-05,3.8040335527e-05,5.0683774499e-05,9.3446629293e-05,4.8135602722e-03,9.5484843061e-03,1.3293813842e-02,1.8928001888e-02,3.2494308387e-02,4.3294418421e-02,7.9822730523e-02
Halite,Cl_tot,942,7.0584631706e-03,1.9011427736e-02,2.7928687162e-02,3.8114038053e-02,9.0811857466e-02,1.8853910200e-01,3.6611770158e-01,6.2209956673e-03,1.6755767944e-02,2.4615042084e-02,3.3591915821e-02,8.0037253002e-02,1.6616942507e-01,3.2267876509e-01
Halite,Ca_tot,942,1.0486468892e-05,2.5710661124e-05,3.9347091267e-05,6.0067097459e-05,1.0071535997e-04,1.3655835328e-04,1.7532525199e-04,3.5750584398e-03,8.7653004692e-03,1.3414238959e-02,2.0478116484e-02,3.4335951120e-02,4.6555579652e-02,5.9772010190e-02
Halite,S6_tot,942,6.3128550811e-05,1.3996689412e-04,1.9575719528e-04,2.6799233767e-04,4.5267946600e-04,6.2735366119e-04,8.9798012847e-04,4.3822620688e-03,9.7162311032e-03,1.3589084781e-02,1.8603515932e-02,3.1424168777e-02,4.3549689421e-02,6.2336055045e-02
Trona,pH,990,2.6911152652e-03,6.5065651005e-03,1.0354899201e-02,1.9079732047e-02,6.3949894021e-02,1.6546489305e-01,4.9815691870e-01,5.2687241062e-03,1.2738756244e-02,2.0273109549e-02,3.7354890309e-02,1.2520299504e-01,3.2395198216e-01,9.7530626540e-01
Trona,Ptot_atm,990,8.1093867656e-03,1.6414047790e-02,2.2186120605e-02,3.0056192745e-02,5.1858782168e-02,7.0368843233e-02,1.0208829713e-01,2.5552512353e-03,5.1721988823e-03,6.9907679787e-03,9.4710716485e-03,1.6340899310e-02,2.2173492246e-02,3.2168548595e-02
Trona,pH2_atm,990,4.1552559826e-04,1.0960305834e-03,1.7483003994e-03,2.7477793034e-03,9.2414900252e-03,8.1649314780e-02,2.3571788202e-01,3.9551502856e-03,1.0310584424e-02,1.6354641596e-02,2.5305412281e-02,8.4392297844e-02,7.8928115497e-01,2.5391909036e+00
Trona,pCO2_atm,990,1.5955586843e-02,3.4698460655e-02,5.1985731203e-02,8.0127710080e-02,2.0492134755e-01,6.1147350771e-01,2.0084197275e+00,5.9665843908e-03,1.2975466844e-02,1.9440028327e-02,2.9963710296e-02,7.6630202849e-02,2.2866012005e-01,7.5104722696e-01
Trona,pCH4_atm,990,4.9449781981e-02,1.1355868458e-01,1.6490289270e-01,2.6519618402e-01,5.0948688033e-01,1.1133601778e+00,2.9318103775e+00,4.9529015838e-03,1.0205835381e-02,1.4441374256e-02,2.1682183151e-02,4.2386442048e-02,8.3823086532e-02,2.8022606347e-01
Trona,H2_g_mol,990,7.6266515095e-03,2.2784543713e-02,3.6630671803e-02,6.1314752725e-02,1.1065394771e-01,1.6350763309e-01,3.3410167854e-01,4.5895582029e-03,1.2074427838e-02,1.9116380678e-02,3.0841640743e-02,5.8173193051e-02,7.7684999376e-02,1.7167801453e-01
Trona,CO2_g_mol,990,1.7969682529e-02,6.6683695094e-02,1.4980121545e-01,3.0370545648e-01,7.4096009091e-01,1.3090142823e+00,3.0406950654e+00,4.9996661808e-03,1.3231698829e-02,2.0939553776e-02,3.4546636733e-02,7.6658262131e-02,1.3167010878e-01,2.2565877540e-01
Trona,CH4_g_mol,990,3.7418278167e-01,1.1576448206e+00,1.9281032345e+00,3.1575389903e+00,6.7641011407e+00,1.2252687716e+01,2.2997435469e+01,7.0066698301e-03,1.4323517332e-02,2.2508451683e-02,3.8806637229e-02,1.5289807575e-01,4.1118250310e-01,1.0566498082e+00
Trona,SO4_mol,990,5.9856617509e-05,1.2754366273e-04,1.8330652261e-04,2.6126470885e-04,4.4980028617e-04,6.0285079569e-04,9.0935231872e-04,4.1551331503e-03,8.8538347365e-03,1.2724781291e-02,1.8136503958e-02,3.1224274754e-02,4.1848740956e-02,6.3125505166e-02
Trona,Formate,990,1.1861293675e-06,2.3892453091e-06,3.4231775871e-06,5.0603410716e-06,1.2711739199e-05,5.8214783692e-05,2.9903599338e-04,5.8217847790e-03,1.1726732961e-02,1.6799962801e-02,2.4840666865e-02,6.2385751488e-02,2.8570126499e-01,1.4676405641e+00
Trona,Acetate,990,1.4851621752e-12,2.8168526991e-12,3.9583941066e-12,6.4480402303e-12,2.8209699277e-11,1.0992279195e-10,3.5520431541e-10,5.7157302388e-03,1.0840816143e-02,1.5234100170e-02,2.4815644365e-02,1.0856660484e-01,4.2304403776e-01,1.3670237137e+00
Trona,Ca_mol,990,1.3861837702e-05,3.0601142916e-05,4.5098208917e-05,6.9254279680e-05,1.3147407293e-04,2.2333311702e-04,3.2404508377e-04,4.7257850232e-03,1.0432561426e-02,1.5374909766e-02,2.3610219761e-02,4.4822229742e-02,7.6138891766e-02,1.1047368607e-01
Trona,Fe_mol,990,1.8197531288e-12,3.5565953881e-12,5.3014007114e-12,8.1378285076e-12,1.5376418811e-11,3.5523695883e-11,1.6184602375e-10,4.5732296576e-03,8.9886044390e-03,1.3383037505e-02,2.0593402949e-02,3.8931680239e-02,8.9890668094e-02,4.0956230750e-01
Trona,X_SRB_mol,990,1.1024359997e-11,1.9647487710e-11,2.8173788599e-11,3.9962293652e-11,7.0132727902e-11,1.0648129861e-10,1.5994599064e-10,4.6868065009e-03,8.3527767347e-03,1.1977578580e-02,1.6989255579e-02,2.9815670244e-02,4.5268614641e-02,6.7998160525e-02
Trona,X_IRB_mol,990,1.2063980297e-11,2.8025419133e-11,4.1832736430e-11,6.4982613808e-11,1.4793963273e-10,3.3411104710e-10,1.6958324486e-09,4.1749239701e-03,9.6986335177e-03,1.4476877726e-02,2.2488255381e-02,5.1196838089e-02,1.1562438694e-01,5.8686948754e-01
Trona,X_SRB_mol_per_L,990,2.6369732472e-12,6.1205532727e-12,8.9317280983e-12,1.3991114479e-11,6.7567553935e-11,3.6899246826e-10,1.2781934623e-09,4.3586646584e-03,1.0116692391e-02,1.4763297342e-02,2.3125981638e-02,1.1168274271e-01,6.0990943026e-01,2.1127322140e+00
Trona,Fe(OH)3,990,5.9071261923e-09,1.1059586061e-08,1.4515924019e-08,1.9187245858e-08,3.3032832439e-08,5.2022314419e-08,8.4654874096e-08,2.0531926363e-03,3.8437609770e-03,5.0452216338e-03,6.6692585046e-03,1.1481433283e-02,1.8080225727e-02,2.9421504862e-02
Trona,SR_H2,990,1.4717918063e-04,2.7305101608e-04,3.5858401912e-04,4.8565683631e-04,8.6456563325e-04,1.3837551293e-03,2.3049137266e-03,2.0542603584e-03,3.8446899686e-03,5.0466987864e-03,6.6661968755e-03,1.1479243388e-02,1.8085757431e-02,2.9415712098e-02
Trona,SR_FOR,990,1.4708337004e-04,2.7309513939e-04,3.5861170885e-04,4.8573748603e-04,8.6476417720e-04,1.3834883195e-03,2.3051363569e-03,2.0537991272e-03,3.8442301298e-03,5.0461123910e-03,6.6677099140e-03,1.1480086142e-02,1.8083873549e-02,2.9418549071e-02
Trona,SR_AC,990,1.4717186758e-04,2.7305769899e-04,3.5858343528e-04,4.8567066496e-04,8.6459649589e-04,1.3837004037e-03,2.3049610758e-03,2.0542043358e-03,3.8447584117e-03,5.0466413420e-03,6.6664151069e-03,1.1479378746e-02,1.8085862244e-02,2.9416352866e-02
Trona,IR_H2,990,1.1822169895e-12,2.2124396495e-12,2.9042365643e-12,3.8358503283e-12,6.6054411925e-12,1.0407478539e-11,1.6926120790e-11,2.0544513260e-03,3.8449465687e-03,5.0469472340e-03,6.6656496010e-03,1.1478798791e-02,1.8086716825e-02,2.9415015545e-02
Trona,IR_AC,990,1.1814256658e-12,2.2118702940e-12,2.9031213927e-12,3.8380969541e-12,6.6071637819e-12,1.0403021519e-11,1.6930123167e-11,2.0530676731e-03,3.8438231102e-03,5.0450482508e-03,6.6695968238e-03,1.1481799654e-02,1.8078939908e-02,2.9421959841e-02
Trona,IR_FOR,990,1.1815755342e-12,2.2118214698e-12,2.9033484792e-12,3.8377905956e-12,6.6067762865e-12,1.0404189799e-11,1.6929630840e-11,2.0533190019e-03,3.8437766293e-03,5.0454333820e-03,6.6690602434e-03,1.1481117969e-02,1.8081018506e-02,2.9421109087e-02
Trona,Water_VOL,990,7.8607508671e-02,1.6139221882e-01,2.2766472464e-01,3.2490898609e-01,5.3102191261e-01,7.4519210208e-01,1.2175276662e+00,5.4018298556e-03,1.1090727999e-02,1.5644913703e-02,2.2327450654e-02,3.6491344273e-02,5.1208910902e-02,8.3667249101e-02
Trona,Gas_VOL,990,2.5372057962e-01,6.0323452081e-01,9.6689675421e-01,1.4933285697e+00,2.6123363960e+00,3.6000066926e+00,7.3215747119e+00,3.4038339982e-03,8.0928039859e-03,1.2971582081e-02,2.0034025403e-02,3.5046274175e-02,4.8296536194e-02,9.8223922681e-02
Trona,HS-_mol,990,8.0920286052e-07,1.7205560920e-06,2.6506184383e-06,4.5116612278e-06,1.5375372400e-05,5.8675064632e-05,3.9401811308e-04,5.7571293357e-03,1.2241434107e-02,1.8858975733e-02,3.2099391859e-02,1.0936097865e-01,4.1719993312e-01,2.7961431362e+00
Trona,HCO3_mol,990,2.4159096982e-04,5.7520184297e-04,8.5848631228e-04,1.2983470566e-03,2.3378129716e-03,3.4837293373e-03,5.5942078389e-03,5.4551977027e-03,1.2988228954e-02,1.9384882442e-02,2.9317063284e-02,5.2788518348e-02,7.8663644792e-02,1.2631888786e-01
Trona,Na_tot,990,4.8762583153e-03,1.0797596701e-02,1.5876581681e-02,2.4613181318e-02,4.4948404079e-02,6.2065403629e-02,1.1227107486e-01,4.2977024077e-03,9.5164835263e-03,1.3992857562e-02,2.1692894543e-02,3.9615405404e-02,5.4701476825e-02,9.8950388378e-02
Trona,Mg_tot,990,6.7868710628e-06,1.3706564373e-05,1.9238172982e-05,2.9113189343e-05,5.8106926458e-05,9.6442085651e-05,1.5940953569e-04,5.7973929041e-03,1.1708237559e-02,1.6433373658e-02,2.4868683769e-02,4.9635321924e-02,8.2381472555e-02,1.3616868679e-01
Trona,Cl_tot,990,4.8914605720e-03,1.0795217472e-02,1.5872285140e-02,2.4633771539e-02,4.5091010196e-02,6.1995167096e-02,1.1204548722e-01,4.3110941142e-03,9.5143929460e-03,1.3989068210e-02,2.1711042494e-02,3.9741084059e-02,5.4639575627e-02,9.8751567895e-02
Trona,Ca_tot,990,1.3867273151e-05,3.0507314066e-05,4.5120804287e-05,6.9234161719e-05,1.3184628576e-04,2.2370827853e-04,3.2383119245e-04,4.7276413122e-03,1.0400574217e-02,1.5382614281e-02,2.3603359586e-02,4.4949127154e-02,7.6266794761e-02,1.1040076742e-01
Trona,S6_tot,990,5.9850778087e-05,1.2756074910e-04,1.8331585777e-04,2.6123310761e-04,4.4998301630e-04,6.0294389609e-04,9.0966569942e-04,4.1547219567e-03,8.8550187074e-03,1.2725428907e-02,1.8134309691e-02,3.1236959628e-02,4.1855202019e-02,6.3147275487e-02
