feature,rmse_original,mae_original,final_rmse_original,final_mae_original
pH,0.027696534991264343,0.012030938640236855,0.025002220645546913,0.011781832203269005
Ptot_atm,0.04271030053496361,0.02284248359501362,0.03021406941115856,0.022218627855181694
pH2_atm,0.009907222352921963,0.0023098611272871494,0.010714166797697544,0.0024647482205182314
pCO2_atm,0.292576402425766,0.05854424834251404,0.29060572385787964,0.05616920068860054
pCH4_atm,0.3513322174549103,0.1499089002609253,0.351462721824646,0.16103526949882507
H2_g_mol,0.02543392777442932,0.016171416267752647,0.02463807538151741,0.017393074929714203
CO2_g_mol,0.17612069845199585,0.10510293394327164,0.1640024334192276,0.10443278402090073
CH4_g_mol,1.7311129570007324,0.9826617240905762,1.61448073387146,1.021226406097412
SO4_mol,0.00020716882136184722,0.00014046380238141865,0.00020996076636947691,0.00015702277596574277
Formate,1.8429434931022115e-05,3.924609700334258e-06,2.0600025891326368e-05,4.1302459976577666e-06
Acetate,4.38055355878042e-11,6.911261927339263e-12,1.1704864508188528e-11,3.8751914004098165e-12
Ca_mol,0.0001266903564101085,6.092705370974727e-05,0.00011307076783850789,6.0825124819530174e-05
Fe_mol,2.2942968705419453e-11,1.0942947069325637e-11,2.1678046510653637e-11,1.106927743910191e-11
X_SRB_mol,3.127192602092599e-11,2.2207827590770002e-11,2.863415581033646e-11,2.147343240721522e-11
X_IRB_mol,1.3404773124836566e-10,4.0592206679290754e-11,1.6216894493936707e-10,5.129268537684695e-11
X_SRB_mol_per_L,6.732921858931817e-11,1.4314727354858281e-11,2.4847384566539787e-11,8.8264170278185e-12
Fe(OH)3,2.121302067337183e-08,1.0457359422844092e-08,1.3906020335241465e-08,9.78224878878109e-09
SR_H2,0.0005196795100346208,0.00028411566745489836,0.00038599944673478603,0.0002707628591451794
SR_FOR,0.0005190552328713238,0.0002833360340446234,0.00038523750845342875,0.00027035188395529985
SR_AC,0.0005192417884245515,0.0002836210187524557,0.0003851817164104432,0.00027001823764294386
IR_H2,4.246687636960678e-12,2.09588141113215e-12,2.7769848053027513e-12,1.949179533056178e-12
IR_AC,4.246722331430197e-12,2.095884880579102e-12,2.780740047947372e-12,1.95380517320487e-12
IR_FOR,4.2436345236429585e-12,2.0916202797538475e-12,2.779402576147394e-12,1.9537425063193004e-12
Water_VOL,0.21674832701683044,0.1484244465827942,0.22130165994167328,0.16238674521446228
Gas_VOL,0.5726469159126282,0.3985404670238495,0.5757340788841248,0.43214279413223267
HS-_mol,1.9739374693017453e-05,5.490750936587574e-06,1.7248874428332783e-05,5.300984412315302e-06
HCO3_mol,0.0009019492426887155,0.0005981235299259424,0.0008476208313368261,0.0006300177774392068
Na_tot,0.012452137656509876,0.008368968963623047,0.012871574610471725,0.009665318764746189
Mg_tot,8.260184404207394e-05,3.6471257772063836e-05,7.690416532568634e-05,3.6283363442635164e-05
Cl_tot,0.012461023405194283,0.008386045694351196,0.012877198867499828,0.009664519689977169
Ca_tot,0.00012654320744331926,6.088816007832065e-05,0.00011313314462313429,6.0803158703492954e-05
S6_tot,0.00020712957484647632,0.00014025789278093725,0.0002101529826177284,0.0001571886386955157
